feature	Otu00001	Otu00002	Otu00003	Otu00004	Otu00005	Otu00006	Otu00007	Otu00008	Otu00009	Otu00010	Otu00012	Otu00013	Otu00014	Otu00015	Otu00016	Otu00017	Otu00018	Otu00019	Otu00020	Otu00021	Otu00022	Otu00023	Otu00025	Otu00027	Otu00028	Otu00029	Otu00032	Otu00033	Otu00034	Otu00036	Otu00037	Otu00038	Otu00039	Otu00040	Otu00041	Otu00042	Otu00043	Otu00044	Otu00045	Otu00047	Otu00048	Otu00049	Otu00052	Otu00053	Otu00056	Otu00057	Otu00058	Otu00059	Otu00060	Otu00061	Otu00062	Otu00063	Otu00064	Otu00065	Otu00066	Otu00067	Otu00069	Otu00070	Otu00071	Otu00073	Otu00074	Otu00075	Otu00076	Otu00077	Otu00078	Otu00079	Otu00084	Otu00086	Otu00092	Otu00097	Otu00103	Otu00104	Otu00105	Otu00108	Otu00110	Otu00111	Otu00113	Otu00114	Otu00117	Otu00119	Otu00120	Otu00121	Otu00124	Otu00125	Otu00127	Otu00129	Otu00132	Otu00133	Otu00134	Otu00139	Otu00141	Otu00143	Otu00146	Otu00148	Otu00150	Otu00151	Otu00153	Otu00154	Otu00155	Otu00156	Otu00157	Otu00158	Otu00159	Otu00160	Otu00161	Otu00162	Otu00163	Otu00164	Otu00166	Otu00167	Otu00168	Otu00169	Otu00170	Otu00172	Otu00173	Otu00174	Otu00175	Otu00176	Otu00177	Otu00178	Otu00179	Otu00182	Otu00183	Otu00184	Otu00185	Otu00186	Otu00187	Otu00188	Otu00189	Otu00190	Otu00191	Otu00192	Otu00194	Otu00197	Otu00201	Otu00203	Otu00204	Otu00206	Otu00207	Otu00208	Otu00210	Otu00211	Otu00212	Otu00213	Otu00215	Otu00217	Otu00219	Otu00220	Otu00223	Otu00224	Otu00225	Otu00227	Otu00228	Otu00229	Otu00232	Otu00233	Otu00234	Otu00236	Otu00237	Otu00239	Otu00240	Otu00243	Otu00245	Otu00246	Otu00248	Otu00251	Otu00253	Otu00254	Otu00257	Otu00261	Otu00263	Otu00264	Otu00271	Otu00272	Otu00274	Otu00280	Otu00282	Otu00283	Otu00284	Otu00286	Otu00287	Otu00292	Otu00293	Otu00300	Otu00301	Otu00302	Otu00304	Otu00305	Otu00309	Otu00310	Otu00312	Otu00316	Otu00319	Otu00324	Otu00326	Otu00330	Otu00335	Otu00336	Otu00337	Otu00341	Otu00343	Otu00350	Otu00351	Otu00352	Otu00355	Otu00356	Otu00360	Otu00361	Otu00362	Otu00365	Otu00368	Otu00369	Otu00370	Otu00375	Otu00376	Otu00378	Otu00382	Otu00383	Otu00385	Otu00388	Otu00391	Otu00395	Otu00398	Otu00399	Otu00400	Otu00403	Otu00406	Otu00408	Otu00411	Otu00419	Otu00425	Otu00426	Otu00432	Otu00434	Otu00437	Otu00445	Otu00446	Otu00447	Otu00448	Otu00454	Otu00457	Otu00475	Otu00476	Otu00483	Otu00487	Otu00488	Otu00493	Otu00494	Otu00495	Otu00496	Otu00504	Otu00506	Otu00513	Otu00521	Otu00537	Otu00539	Otu00560	Otu00561	Otu00569	Otu00581	Otu00584	Otu00599	Otu00600	Otu00606	Otu00618	Otu00626	Otu00696	Otu00747	Otu00957
c21_1835_1	24	0	282	16	62	651	61	104	0	0	0	3	1	0	126	0	0	0	0	0	0	0	82	99	0	0	30	0	0	0	0	0	0	0	3	16	0	0	132	61	99	90	0	0	16	114	47	0	0	0	0	0	0	114	11	0	0	0	46	1	0	0	0	12	0	9	0	0	7	0	33	0	19	0	0	0	0	52	15	0	0	0	0	12	0	0	1	0	0	0	0	0	0	0	0	0	0	0	0	0	0	0	0	0	0	1	0	0	0	0	0	12	0	1	0	0	0	0	4	2	3	0	0	0	0	0	2	0	0	0	0	0	0	0	0	4	0	0	0	0	2	0	0	0	0	0	0	0	6	0	0	0	0	1	0	0	0	1	2	0	0	0	0	0	0	0	0	0	0	0	0	0	0	0	0	0	0	0	0	0	6	0	0	0	0	0	0	0	0	0	20	0	0	0	0	0	0	0	3	0	0	0	0	1	0	0	0	0	0	0	0	0	0	0	0	0	0	0	0	0	0	0	0	0	0	0	3	3	0	0	0	0	0	2	0	0	0	0	0	2	0	0	0	0	0	0	0	0	0	0	0	5	0	0	0	0	0	0	0	0	0	0	0	0	0	0	0	0	0
c21_1835_3	16	0	333	12	48	503	137	109	0	0	0	0	0	0	123	0	0	4	0	0	0	0	89	80	0	0	16	0	0	0	0	0	0	0	4	11	0	0	223	97	55	81	0	0	13	150	61	0	0	0	0	0	0	133	22	0	0	0	51	8	0	0	0	15	0	2	0	0	19	0	33	0	5	0	0	0	0	9	16	0	0	0	0	13	0	0	0	0	0	0	0	0	0	0	0	0	0	0	0	0	0	0	0	0	0	18	0	0	0	0	0	7	0	0	0	0	0	0	2	1	7	0	0	0	0	0	1	0	0	0	0	0	0	0	0	11	0	0	0	0	1	0	0	0	0	0	0	0	6	0	0	0	0	0	0	0	0	0	5	0	0	0	0	0	0	0	0	0	0	0	0	0	0	0	0	0	0	0	0	0	11	0	0	0	0	0	0	0	0	0	23	0	0	0	0	0	0	0	1	0	0	0	0	6	0	0	0	0	0	0	0	0	0	0	0	0	0	0	0	0	0	0	0	0	0	0	2	1	0	0	0	0	0	3	0	0	0	0	3	1	0	0	0	0	0	0	0	0	0	0	0	0	1	0	1	0	0	0	0	0	0	0	0	0	0	0	0	0	0
c21_1836_2	40	632	216	44	68	586	89	92	0	0	0	6	0	0	61	0	0	4	0	0	0	0	0	62	1	0	10	0	0	0	0	146	0	0	0	9	0	0	172	17	0	5	0	0	4	123	39	0	30	0	0	0	0	87	17	0	0	0	13	1	0	7	0	3	0	4	0	0	3	0	21	61	16	0	0	0	0	0	11	0	0	0	0	21	0	0	0	0	0	0	0	0	0	0	0	0	0	0	0	0	0	0	0	0	0	0	0	0	0	0	0	5	0	0	3	0	0	0	3	2	1	0	18	0	0	0	0	0	0	0	0	0	1	0	0	0	0	0	0	0	2	0	0	0	0	0	0	5	3	0	0	0	0	0	0	0	0	1	0	1	0	0	0	0	0	0	0	0	0	0	0	0	0	0	0	0	0	3	0	0	0	0	0	0	0	0	0	0	0	0	0	0	0	0	0	0	0	0	0	0	0	0	0	2	0	0	0	0	0	0	0	0	0	0	0	0	0	0	0	0	0	0	0	0	0	0	3	3	0	0	0	0	0	2	0	0	0	0	1	1	0	0	0	0	0	0	0	0	1	0	0	2	0	0	0	0	0	0	0	0	0	0	0	0	0	0	0	0	0
c21_1836_3	20	605	143	32	117	411	55	69	1	0	0	4	0	0	86	0	0	10	0	0	0	0	0	49	0	0	14	0	0	0	0	314	0	0	0	6	0	0	126	43	0	15	0	0	5	172	22	0	74	0	0	0	0	85	7	0	0	0	24	1	0	7	0	0	0	4	0	0	16	0	18	4	42	0	0	0	0	0	11	0	0	0	0	8	0	0	2	0	0	0	0	0	0	0	0	0	0	0	0	0	0	0	0	0	0	0	0	0	0	0	0	6	0	0	2	0	0	0	0	0	1	0	7	0	0	0	0	0	0	0	0	0	0	0	0	8	0	0	0	0	1	0	0	0	0	0	0	4	4	0	0	0	0	2	0	0	0	0	3	0	0	0	0	0	0	0	0	0	0	0	0	0	0	0	0	0	0	8	0	0	8	0	0	0	0	0	0	0	0	0	12	0	0	0	0	0	0	0	1	0	0	0	0	1	0	0	0	0	0	0	0	0	0	0	0	0	0	0	0	0	0	0	0	0	0	0	1	3	0	0	0	0	0	0	0	0	0	0	0	0	0	0	0	0	0	0	0	0	1	0	0	0	0	0	0	0	0	0	0	0	0	0	0	0	0	0	0	0	0
c21_1836_4	49	624	196	59	66	624	30	76	0	0	0	11	0	0	43	0	0	7	0	0	0	0	0	49	0	0	14	0	0	0	0	145	0	0	0	5	0	0	132	33	0	11	0	0	7	143	49	0	36	0	0	0	0	54	9	0	0	0	31	1	0	6	0	5	0	2	0	0	12	0	26	20	17	0	0	0	0	0	24	0	0	0	0	12	0	0	0	0	0	0	0	0	0	0	0	0	0	0	0	0	0	0	49	0	0	0	0	0	0	0	0	8	0	0	1	0	0	0	2	5	2	0	5	0	0	0	0	0	0	0	0	0	0	0	0	18	0	0	0	0	1	0	0	0	0	0	0	16	3	0	0	0	0	0	0	0	0	2	2	0	0	0	0	0	0	0	0	0	0	0	0	0	0	0	0	0	0	12	0	0	5	0	0	0	0	0	0	0	0	0	13	0	0	0	0	0	0	0	0	0	0	0	0	0	0	0	0	0	0	0	0	0	0	0	0	0	0	0	0	0	0	0	0	0	0	0	1	5	0	0	0	0	0	0	0	0	0	0	0	1	0	0	0	0	0	0	0	0	0	0	0	2	0	0	0	0	0	0	0	0	0	0	0	0	0	0	0	0	0
c21_1837_1	4	1	98	0	220	761	26	0	0	329	0	1	0	0	49	0	0	0	0	0	0	0	0	0	0	0	4	0	0	0	0	0	0	0	1	28	0	0	0	6	0	0	0	0	124	0	0	0	0	0	0	0	0	0	0	0	0	0	0	0	0	0	0	0	0	0	0	0	9	0	0	2	3	0	0	0	0	9	0	0	0	0	0	22	0	0	7	0	0	0	0	0	0	0	0	0	0	3	0	0	0	0	0	0	0	0	0	0	0	0	0	8	0	0	0	0	0	0	6	0	0	0	0	0	0	0	0	0	0	0	0	0	0	0	0	0	0	0	0	41	0	0	0	0	0	0	0	0	0	0	0	0	0	2	0	1	0	1	7	0	0	0	0	0	0	0	0	19	0	5	0	0	0	0	0	0	0	0	0	0	10	26	0	0	0	0	0	0	0	0	0	0	0	0	0	0	0	0	0	0	0	0	0	1	0	0	0	0	0	0	0	0	0	0	0	0	0	0	0	0	0	0	0	0	0	0	0	2	0	0	0	0	0	1	0	0	0	0	0	5	0	0	0	0	0	0	0	0	2	0	0	0	0	0	0	0	0	0	0	0	0	0	0	0	0	0	0	0	0
c21_1837_2	69	0	84	0	62	1002	42	0	0	370	0	26	0	0	96	0	0	0	0	0	0	0	0	0	0	0	82	0	0	0	0	0	0	0	11	64	0	0	0	73	0	0	0	0	55	0	0	0	0	0	0	0	0	0	0	0	0	0	0	0	0	0	0	0	0	0	0	0	6	0	0	0	18	0	0	0	0	21	10	0	0	0	0	26	0	0	8	0	0	0	0	0	0	0	0	0	0	3	0	0	0	0	0	0	0	0	0	0	0	0	0	18	0	0	0	0	0	0	2	0	0	0	0	0	0	0	0	0	0	0	0	0	0	0	0	0	0	0	0	18	0	0	0	0	0	0	0	0	0	0	0	0	0	1	0	0	0	6	5	0	0	0	0	0	0	0	0	14	0	1	0	0	0	0	0	0	0	0	0	0	2	9	0	0	0	0	0	0	0	0	0	0	0	0	0	0	0	0	0	0	0	0	0	1	0	0	0	0	0	0	0	0	0	0	0	0	0	0	0	0	0	0	0	0	0	1	0	0	0	0	0	0	0	1	0	0	4	0	2	5	0	0	0	0	0	0	0	0	0	0	0	0	0	0	0	0	0	0	0	0	0	0	0	0	0	0	0	0	0
c21_1837_3	39	0	102	0	103	1012	36	0	0	400	0	17	0	0	96	0	0	0	0	0	0	0	0	0	0	0	15	0	0	0	0	0	0	0	2	56	0	0	0	44	0	0	0	0	144	0	0	0	0	0	0	0	0	0	0	0	0	0	0	0	0	0	0	0	0	0	0	0	11	0	0	2	13	0	0	0	0	12	6	0	0	0	0	14	0	0	2	0	0	0	0	0	0	0	0	0	0	1	0	0	0	0	0	0	0	0	0	0	0	0	0	7	0	0	0	0	0	0	1	0	0	0	0	0	0	0	0	0	0	0	0	0	0	0	0	0	0	0	0	9	0	0	0	0	0	0	0	0	0	0	0	0	0	0	0	0	0	1	4	0	0	0	0	0	0	0	0	8	0	1	0	0	0	0	0	0	0	0	0	0	7	15	0	0	0	0	0	0	0	0	0	0	0	0	0	0	0	0	0	0	0	0	0	1	0	0	0	0	0	0	0	0	0	0	0	0	0	0	0	0	0	0	0	0	0	0	0	0	0	0	0	0	0	2	0	0	5	0	0	4	0	0	0	0	0	0	0	0	0	0	0	1	0	0	0	0	0	0	0	0	0	0	0	0	0	0	0	0	0
c21_1839_1	29	473	167	0	22	1	185	0	0	674	0	4	24	0	403	0	0	31	0	0	0	0	373	0	0	0	82	0	0	0	0	0	0	0	6	46	0	0	0	9	0	0	0	0	35	0	0	0	0	0	0	0	0	0	0	0	0	0	0	0	0	23	0	0	7	0	0	0	17	31	0	3	26	0	0	0	0	12	5	0	0	0	0	0	0	0	3	0	0	0	0	0	0	0	0	0	0	7	0	0	0	0	0	0	0	24	0	0	0	0	0	7	0	0	33	0	0	0	8	0	0	0	0	0	2	0	0	0	0	0	0	0	0	0	0	0	0	0	0	11	0	0	0	0	0	0	0	0	0	0	0	0	0	0	0	1	0	0	5	0	0	0	21	0	0	0	0	15	0	6	0	0	0	0	0	0	0	0	0	0	8	5	0	0	0	0	0	0	0	0	0	0	0	0	0	0	0	0	0	0	0	0	0	0	0	0	0	0	0	0	0	0	0	0	0	0	0	0	0	0	0	0	0	0	0	1	0	0	0	0	0	0	0	0	0	0	4	0	1	0	0	0	0	0	0	0	0	0	0	0	0	0	0	0	0	0	0	0	0	0	0	0	0	0	0	0	0	0	0
c21_1839_2	36	518	167	0	60	0	128	0	1	664	0	13	11	0	283	0	0	3	0	0	0	0	9	0	0	0	29	0	0	0	0	0	0	0	8	26	0	1	0	26	0	0	0	0	198	0	0	0	0	0	0	0	0	0	1	0	0	0	0	0	0	31	0	0	246	0	0	0	116	148	0	0	40	0	0	0	0	7	0	0	0	0	0	0	0	0	0	0	0	0	0	0	0	0	0	0	0	6	0	0	0	0	0	0	0	5	0	0	0	0	0	0	0	0	35	0	0	0	1	0	0	0	0	0	18	0	0	0	0	0	0	0	0	0	0	0	0	0	0	1	0	0	0	0	0	0	0	0	0	0	0	0	0	1	0	1	0	1	4	1	0	0	0	0	0	0	0	0	2	4	0	0	0	0	0	0	0	0	0	0	2	7	0	0	0	0	0	0	0	0	0	0	0	0	0	0	0	0	0	0	0	0	0	0	0	0	0	0	0	0	0	0	0	0	0	0	0	0	0	0	0	0	0	0	0	0	0	0	0	0	0	0	0	1	0	0	0	0	1	0	0	0	0	0	0	0	0	0	0	0	0	0	0	0	0	0	0	0	0	0	0	0	0	0	0	0	0	0	0
c21_1839_3	14	524	182	0	24	0	219	0	0	664	0	1	86	0	356	0	0	29	0	0	0	0	258	0	0	0	53	0	0	0	0	0	0	0	25	23	0	0	0	14	0	0	0	0	61	0	0	0	0	0	0	0	0	0	0	0	0	0	0	0	0	14	0	0	10	0	0	0	9	107	0	2	26	0	0	0	0	9	1	0	0	0	0	0	0	0	2	0	0	0	0	0	0	0	0	0	0	8	0	0	0	0	0	0	0	1	0	0	0	0	0	5	0	0	57	0	0	0	2	0	0	0	0	0	2	0	0	0	0	0	0	0	0	0	0	0	0	0	0	12	0	0	0	0	0	0	0	0	0	0	0	0	0	0	0	0	0	2	3	1	0	0	18	0	0	0	0	16	1	3	0	0	0	0	0	0	0	0	0	0	7	10	0	0	0	0	0	0	0	0	0	0	0	0	0	0	0	0	0	0	0	0	0	1	0	0	0	0	0	0	0	0	0	0	0	0	0	0	0	0	0	0	0	0	0	2	0	0	0	0	0	0	0	0	0	0	4	0	0	0	0	0	0	0	0	0	0	0	0	0	0	0	0	0	0	0	0	0	0	0	0	0	0	0	0	0	0	0	0
c21_1840_1	19	2	247	0	0	0	1	0	190	0	30	0	0	7	0	28	406	129	68	27	57	141	0	0	431	25	0	19	167	39	0	0	0	0	19	0	45	6	0	0	0	0	0	2	0	0	0	29	0	0	0	0	28	0	0	0	26	23	0	0	14	33	18	0	5	0	18	26	0	42	0	6	0	0	0	6	0	0	0	48	0	7	0	0	13	14	0	4	4	1	1	0	11	1	0	0	17	0	7	2	7	1	4	4	0	4	7	17	7	1	0	0	15	0	0	0	5	0	0	0	0	0	3	0	3	8	0	0	2	0	0	1	0	0	0	0	0	4	22	3	0	4	0	0	11	4	0	1	0	29	6	8	4	0	6	0	0	0	0	0	0	0	0	3	8	0	0	0	0	0	1	1	0	7	6	5	4	0	0	34	0	0	5	11	0	1	1	1	0	0	0	2	8	8	8	0	0	6	0	0	0	0	0	0	0	0	3	0	2	0	3	3	2	1	0	3	0	0	0	0	1	2	0	4	0	0	0	0	2	1	9	0	0	0	0	0	0	3	0	0	0	2	1	0	1	0	0	0	0	0	1	0	0	0	0	0	1	1	0	0	0	0	0	0	2	0	0	1	0
c21_1840_2	24	1	171	0	0	0	1	0	200	0	22	0	0	13	0	42	452	147	65	76	34	100	0	0	333	62	0	37	81	41	0	0	0	10	13	0	22	22	0	0	0	0	9	2	0	0	0	23	0	0	0	0	4	0	0	0	29	20	0	0	20	43	50	0	2	1	74	28	0	26	0	2	0	0	0	7	0	0	0	3	14	15	0	0	17	4	0	20	2	2	7	0	2	8	1	0	21	0	19	0	18	3	3	2	0	1	20	20	10	0	0	0	28	0	0	4	6	0	0	0	0	0	5	26	2	6	0	0	5	2	0	4	0	2	0	0	0	1	18	0	0	5	0	13	15	2	0	2	0	37	3	11	4	0	6	0	0	0	0	0	0	0	0	0	7	0	0	0	1	0	1	0	0	17	5	0	0	0	0	2	0	0	6	6	0	3	2	3	0	0	0	3	2	6	9	1	2	3	0	0	0	0	1	0	3	4	1	0	0	0	2	0	3	0	1	5	0	0	3	0	1	0	0	3	0	0	0	0	0	0	6	0	0	0	3	0	0	2	0	0	1	1	3	1	0	0	0	0	0	0	2	0	0	1	0	2	0	1	0	0	0	0	0	2	0	0	0	0	0
c21_1840_3	26	0	133	0	0	0	2	0	143	0	29	0	0	21	0	94	365	125	59	40	39	73	0	0	218	70	0	34	91	59	0	0	0	6	5	0	21	18	0	0	0	0	12	3	0	0	0	19	0	0	0	0	45	0	0	0	27	15	0	0	9	33	39	0	10	0	53	16	0	31	0	9	0	2	0	10	0	0	0	9	34	27	0	0	52	9	0	16	11	0	13	0	6	15	1	0	10	0	9	6	12	1	12	47	1	10	23	0	13	1	0	0	52	0	0	11	7	0	0	0	0	0	3	23	6	14	0	0	14	1	0	7	0	4	0	0	0	2	39	1	0	10	1	14	15	13	0	2	0	15	23	12	1	0	3	0	0	0	0	0	0	1	0	6	27	0	1	0	0	0	1	0	2	13	7	0	2	0	0	2	0	0	5	10	0	2	2	1	0	0	0	5	1	19	21	4	0	6	0	0	1	0	0	0	1	4	0	0	2	2	11	5	4	11	0	4	0	0	1	1	2	1	0	1	11	0	0	0	2	0	0	0	0	0	1	0	0	1	0	0	1	6	4	0	0	0	0	0	0	0	0	0	0	2	0	1	2	3	0	1	1	0	0	0	2	0	0	0	0
c21_1901_1	155	168	93	0	0	1	1	0	35	0	15	0	0	49	0	284	10	0	66	3	58	80	0	0	179	0	0	173	0	69	0	0	0	1	3	0	25	17	1	0	0	0	15	0	0	0	0	4	0	0	0	39	103	0	0	7	45	12	0	0	0	12	32	0	2	0	15	127	0	0	0	6	0	0	2	0	0	0	0	0	0	6	0	0	1	18	0	11	27	1	23	0	3	0	2	0	28	0	3	14	0	2	11	11	0	0	3	15	2	0	0	1	20	0	0	12	4	1	0	0	0	0	1	19	8	15	0	0	2	2	0	20	0	0	11	0	0	4	63	0	0	24	2	2	25	6	0	0	0	9	21	9	3	0	8	0	0	0	0	0	0	1	0	14	31	1	0	0	0	0	0	1	0	5	13	0	1	0	0	2	0	0	0	4	0	0	4	4	0	0	0	2	1	10	6	0	3	0	0	0	0	0	1	0	7	0	4	0	0	0	2	2	2	0	0	0	0	2	0	6	0	0	1	0	2	0	0	0	2	8	1	0	0	0	4	0	0	0	0	0	1	1	1	1	0	0	0	0	0	1	2	0	0	1	0	0	1	1	0	1	0	1	1	2	0	0	0	0	2
c21_1901_3	24	168	84	0	0	0	6	0	25	0	22	0	0	27	0	181	131	3	36	57	47	49	1	0	256	0	0	253	108	65	0	0	0	2	26	0	26	18	0	0	0	0	24	2	0	0	0	4	0	0	0	64	47	0	0	8	54	15	0	0	6	23	143	0	1	1	62	12	0	0	0	7	0	0	0	2	1	0	0	0	2	8	0	1	5	14	0	5	7	0	14	0	6	7	0	0	14	0	3	20	3	1	4	18	0	0	6	7	7	0	0	1	50	0	0	4	5	0	0	0	0	2	1	22	2	14	0	1	3	6	0	10	0	1	0	0	0	2	77	0	0	6	3	5	15	0	5	0	0	10	15	16	1	0	3	0	0	0	0	1	0	0	0	2	21	0	0	0	0	0	2	0	1	10	3	0	2	0	1	4	0	0	1	5	0	1	6	11	1	0	0	0	0	5	4	1	4	2	0	0	0	0	4	0	0	0	2	0	0	1	1	6	3	0	2	0	1	9	0	3	0	0	4	2	7	0	0	0	1	1	1	0	0	0	1	0	0	0	0	0	0	0	0	0	0	0	0	4	0	1	0	0	0	2	0	1	2	1	0	1	0	0	1	0	1	0	0	0	0
c21_1901_4	34	97	48	0	0	0	19	0	36	0	12	0	0	30	0	103	297	12	45	61	51	83	1	0	291	1	0	174	85	78	0	0	0	0	25	0	10	21	0	0	0	0	19	3	0	0	0	0	0	0	0	102	27	0	0	18	74	14	0	0	2	32	145	0	6	0	35	97	0	0	0	4	0	0	0	3	2	0	0	0	5	4	0	0	1	8	0	5	10	1	18	0	4	2	4	0	5	0	4	0	6	0	5	1	0	2	0	7	12	4	0	0	11	0	0	10	6	2	0	0	0	1	1	12	5	10	0	0	2	4	0	12	0	0	0	0	2	1	41	0	0	4	1	0	7	3	0	0	0	11	20	11	0	0	9	0	0	0	0	0	0	2	0	4	18	1	1	0	0	0	2	0	0	6	3	0	4	0	0	5	0	0	0	6	0	0	0	7	1	0	0	1	1	4	6	1	0	4	0	0	1	0	2	0	1	0	2	0	0	1	0	4	2	0	2	0	0	1	0	2	0	0	0	2	0	0	1	0	2	4	3	0	0	0	2	0	0	1	0	0	0	3	1	0	0	1	0	4	0	0	1	0	0	2	0	0	1	3	0	0	0	0	0	3	0	0	0	0	0
cecal_1191_2	6	136	1039	0	0	0	104	0	0	0	0	0	0	22	0	0	1	0	498	0	0	0	0	0	0	0	0	0	26	0	0	0	0	46	8	0	0	0	0	0	0	0	72	0	0	0	0	0	0	0	0	0	102	0	0	7	15	0	0	0	0	0	12	0	4	0	0	9	0	1	0	1	0	0	0	0	97	0	0	32	17	54	0	0	44	21	0	2	14	4	14	5	19	19	1	0	2	0	0	8	0	0	12	11	45	23	13	3	30	0	0	0	1	0	0	7	1	0	0	0	0	0	2	0	9	3	0	0	24	0	0	15	0	1	10	0	9	2	2	0	0	7	0	0	2	12	0	0	0	0	27	0	0	0	0	0	52	0	0	1	0	1	0	13	9	2	0	0	4	0	0	7	2	0	3	1	1	0	0	2	0	0	0	0	0	0	1	4	0	0	0	3	0	2	1	2	1	0	0	0	0	0	0	0	0	5	0	19	1	0	0	1	0	9	0	1	1	1	1	5	0	4	5	0	2	0	0	0	1	3	0	0	1	0	1	0	0	0	0	0	0	1	0	0	0	0	0	0	0	1	0	0	0	0	0	0	0	0	1	1	1	2	0	0	1	0	0	0	0
cecal_1191_3	8	222	802	4	0	0	94	0	0	0	0	0	0	15	0	0	2	0	587	0	0	0	0	0	0	0	0	0	18	0	0	0	0	93	8	0	0	0	0	0	0	0	167	0	0	0	0	0	0	0	0	0	28	0	0	2	10	0	0	0	0	5	14	0	31	0	0	15	0	1	0	16	0	0	14	0	84	0	0	12	12	12	0	0	2	29	0	3	18	7	7	8	41	3	0	0	3	0	0	2	0	0	19	2	72	19	4	6	96	1	1	0	1	0	0	12	10	0	0	0	0	0	0	0	14	2	0	0	8	0	0	21	0	5	2	0	14	3	1	0	0	9	0	0	3	19	0	0	0	1	28	0	1	0	0	0	2	0	0	0	0	7	0	7	10	0	0	0	3	0	0	1	3	0	2	14	1	0	0	1	0	0	0	0	0	1	0	2	0	0	0	4	0	1	6	3	1	3	0	0	0	0	0	0	0	5	1	2	6	0	2	0	0	0	2	1	0	1	0	5	0	7	1	0	7	0	0	0	1	2	0	0	0	0	3	1	0	0	0	0	0	0	0	3	0	0	0	0	0	0	0	0	0	0	0	0	0	0	5	0	3	0	0	0	0	0	0	1	0
cecal_1192_1	145	0	0	472	0	0	111	0	0	0	0	513	0	0	0	0	0	0	0	0	0	0	0	0	0	0	0	0	0	0	0	0	864	0	0	0	0	0	0	0	0	0	0	0	0	0	0	0	0	0	0	0	0	0	0	0	0	0	0	0	0	0	0	0	0	0	0	0	0	0	0	0	0	0	0	244	0	0	0	0	0	0	0	0	0	0	0	0	0	0	0	0	0	0	0	0	0	0	0	0	0	0	0	0	0	0	0	0	0	0	0	0	0	0	0	0	0	0	0	0	0	0	0	0	0	0	0	0	0	0	0	0	0	305	0	0	0	0	0	0	0	0	0	0	0	0	0	0	0	0	0	0	0	0	0	0	0	0	0	0	0	0	0	0	0	0	0	0	0	0	0	0	0	0	0	0	0	0	0	0	0	0	0	0	0	0	0	0	0	0	0	0	0	0	0	0	0	0	0	0	0	0	0	0	0	0	0	0	0	0	0	0	0	0	0	0	0	0	0	0	0	0	0	0	0	0	0	0	0	0	0	0	0	0	0	0	0	0	0	0	0	0	0	0	0	0	0	0	0	0	0	0	0	0	0	0	0	0	0	0	0	0	0	0	0	0	0	0	0
cecal_1192_3	128	0	0	376	0	0	264	0	0	0	0	773	0	0	0	0	0	0	1	0	0	0	0	0	0	0	0	0	0	0	0	0	684	0	0	0	0	0	0	0	0	0	0	0	0	0	0	0	0	0	0	0	0	0	0	0	0	0	0	0	0	0	0	0	0	0	0	0	0	0	0	0	0	0	0	152	0	0	0	0	0	0	0	0	0	0	0	0	0	0	0	0	0	0	0	0	0	0	0	0	0	0	0	0	0	0	0	0	0	0	0	0	0	0	0	0	0	0	0	0	0	0	0	0	0	0	0	0	0	0	0	0	0	282	0	0	0	0	0	0	0	0	0	0	0	0	0	0	0	0	0	0	0	0	0	0	0	0	0	0	0	0	0	0	0	0	0	0	0	0	0	0	0	0	0	0	0	0	0	0	0	0	0	0	0	0	0	0	0	0	0	0	0	0	0	0	0	0	0	0	0	0	0	0	0	0	0	0	0	0	0	0	0	0	0	0	0	0	0	0	0	0	0	0	0	0	0	0	0	0	0	0	0	0	0	0	0	0	0	0	0	0	0	0	0	0	0	0	0	0	0	0	0	0	0	0	0	0	0	0	0	0	0	0	0	0	0	0	0
cecal_1268_1	19	162	326	0	0	0	3	0	0	0	0	0	0	2	0	0	6	11	209	218	586	0	0	0	0	0	0	0	11	1	0	0	0	0	1	0	0	288	0	0	0	0	18	0	0	0	0	0	0	0	0	142	133	0	0	0	10	0	0	0	85	6	13	0	7	1	0	55	0	0	0	5	0	0	0	1	102	0	0	19	0	0	0	0	49	34	0	8	19	1	7	6	12	11	0	0	10	0	2	4	1	1	27	10	44	20	2	9	4	0	0	0	0	0	0	9	3	1	0	0	0	0	0	0	1	3	0	9	3	0	0	24	0	0	9	0	0	1	0	0	0	1	0	0	3	4	0	0	0	0	9	1	0	0	0	0	0	0	0	0	1	4	0	3	10	0	3	0	1	0	0	2	5	0	1	16	0	0	0	1	0	0	0	1	0	0	1	6	1	0	0	1	0	0	3	4	0	1	0	0	0	0	0	0	0	1	0	0	0	0	1	0	1	0	0	3	2	1	0	0	0	1	1	0	1	0	0	0	3	0	0	1	1	0	0	0	0	0	0	0	0	2	0	0	0	0	1	6	0	0	0	0	0	0	0	0	0	0	0	1	0	3	2	0	0	0	1	0	0
cecal_1268_2	6	267	292	0	0	0	7	0	0	0	0	0	0	0	0	0	10	9	214	168	562	0	0	0	0	0	0	0	32	7	0	0	0	0	21	0	0	381	0	0	0	0	0	0	0	0	0	0	0	0	0	78	103	0	0	1	5	0	0	0	74	5	5	0	10	0	0	49	0	2	0	7	0	0	6	4	73	0	0	1	0	3	0	0	21	41	0	6	17	7	13	1	2	12	6	0	5	0	3	14	0	0	9	4	1	5	24	11	6	0	0	1	0	0	0	45	0	0	0	0	0	3	0	1	10	6	0	39	18	0	0	11	0	0	5	0	5	7	0	0	0	0	0	0	2	4	0	0	0	0	1	1	0	0	0	0	0	0	0	0	1	3	0	4	8	0	1	0	0	0	0	3	1	0	2	21	0	0	0	0	0	0	0	2	0	0	2	3	1	1	0	0	0	4	1	3	1	1	0	0	0	0	0	0	0	3	0	14	0	0	4	2	0	0	0	0	3	6	0	0	0	0	5	0	3	0	0	0	0	3	0	1	2	0	0	2	0	0	0	0	0	0	0	0	1	0	0	5	0	0	2	0	0	0	0	0	0	0	1	1	0	0	1	1	0	0	2	0	0
cecal_1268_3	7	50	204	0	0	0	23	0	0	0	0	0	0	13	0	0	4	1	163	203	473	0	0	0	0	0	0	0	24	3	0	0	0	0	8	0	0	207	0	0	0	0	156	0	0	0	0	0	0	0	0	127	173	0	0	8	10	0	0	0	51	4	4	0	11	3	0	26	0	1	0	3	0	0	0	1	139	0	0	11	0	28	0	0	51	26	0	8	17	9	9	14	19	14	0	0	6	0	3	2	0	0	23	1	118	26	5	5	2	2	2	0	0	0	0	17	18	0	0	0	0	1	1	4	31	6	0	71	9	0	0	3	0	3	8	0	8	2	0	0	0	0	0	0	5	8	0	0	0	0	17	0	0	0	2	0	0	0	0	0	0	8	0	3	8	1	2	0	0	0	0	8	6	1	0	0	3	0	0	3	0	0	0	0	0	0	0	3	0	0	0	1	0	1	1	1	0	3	0	0	0	0	0	0	0	1	3	3	2	6	9	0	0	9	0	1	4	0	0	1	0	18	4	0	1	0	0	0	2	1	0	1	2	0	0	0	0	0	0	0	1	0	0	0	0	0	0	3	0	2	0	0	0	0	0	0	0	0	0	1	0	2	2	0	1	0	3	0	0
cecal_1269_2	19	24	0	1	0	0	30	0	0	0	450	0	0	8	0	0	25	0	0	1	0	156	0	0	103	0	0	0	34	366	0	0	0	63	5	4	120	0	0	0	0	0	6	0	0	0	0	0	0	0	0	81	1	0	0	0	8	0	0	0	0	10	27	0	17	0	0	1	0	7	0	0	0	0	53	0	0	0	0	33	0	12	0	0	7	3	0	6	1	6	2	0	3	2	0	18	0	0	0	17	1	0	2	0	0	1	9	0	21	0	0	0	0	0	0	1	3	1	0	0	0	0	2	3	2	1	0	0	0	3	0	0	0	0	4	0	11	3	16	0	0	2	0	8	2	0	0	0	0	8	1	0	1	0	2	0	0	0	0	0	1	0	0	4	0	0	8	0	0	0	0	0	0	0	8	8	0	0	0	0	0	0	1	0	0	2	1	0	2	1	0	0	2	0	0	0	0	0	0	0	1	0	8	0	4	0	0	0	0	0	0	0	2	0	6	0	0	2	0	6	0	0	0	1	0	0	0	0	0	0	2	0	0	0	0	0	0	0	0	0	1	0	0	0	0	1	0	3	0	0	0	0	0	0	0	0	0	0	5	0	0	0	1	0	0	0	0	0	0
cecal_1269_3	4	27	0	0	0	0	0	0	0	0	353	0	0	20	0	0	0	0	0	0	0	88	0	0	160	0	0	0	47	387	0	1	0	37	14	0	113	0	0	0	0	0	85	0	0	0	0	0	0	0	0	21	13	0	0	22	20	0	0	0	0	7	9	0	3	0	0	17	0	11	0	13	0	0	65	0	0	0	0	24	0	0	0	0	3	6	0	20	11	12	22	0	23	10	0	7	0	0	0	48	0	0	0	2	0	4	19	0	26	0	1	0	0	0	0	0	5	0	0	0	0	0	0	11	12	6	0	0	6	6	0	7	0	1	3	0	6	4	10	0	0	0	0	15	4	12	0	0	0	9	2	3	0	0	1	0	0	0	0	0	0	1	0	8	7	0	3	0	0	0	0	2	0	0	4	35	0	0	0	0	0	0	0	0	0	1	0	0	1	0	0	0	0	0	0	6	4	0	0	0	0	0	29	0	4	0	0	5	9	0	0	0	2	0	4	0	7	19	0	1	0	0	0	0	0	0	0	0	3	0	1	0	0	0	0	0	0	0	0	0	1	0	0	0	1	11	0	0	0	0	7	0	0	0	0	0	0	0	0	4	0	0	0	1	3	0	1	1	0
cecal_1269_4	7	70	0	0	0	0	14	0	0	0	380	0	0	19	0	0	33	0	0	0	0	116	0	0	91	0	0	0	30	279	0	0	0	112	11	0	124	0	0	0	0	0	15	0	0	0	0	0	0	0	0	75	53	0	0	0	13	0	0	0	0	3	4	0	0	0	0	2	0	1	0	5	0	0	58	0	0	0	0	16	0	30	0	0	3	6	0	11	7	4	19	0	36	7	0	5	0	0	1	31	4	0	0	0	0	2	4	0	10	0	0	0	0	0	0	15	9	1	0	0	0	1	1	3	9	7	0	0	2	6	0	0	0	0	3	0	3	2	7	0	0	4	0	10	2	5	0	0	0	5	1	0	1	0	2	0	0	0	0	0	0	4	0	7	1	0	22	0	0	0	0	1	1	0	7	12	0	0	1	0	0	0	1	0	0	1	1	0	0	0	0	4	1	1	0	0	2	4	0	0	0	0	10	0	4	0	0	0	1	0	0	0	2	0	3	0	4	2	0	1	3	0	0	2	0	0	0	0	0	0	1	0	0	0	0	0	0	0	0	0	0	0	0	5	0	2	1	0	0	0	2	0	0	0	0	2	0	0	4	4	1	0	1	0	0	0	1	0	0
cecal_1270_1	4	0	368	0	0	0	99	0	0	0	0	0	0	2	0	0	12	7	311	0	459	0	0	0	0	0	0	0	21	0	0	0	0	1	2	0	23	253	0	0	0	0	209	0	0	0	0	0	0	0	0	100	98	0	0	38	16	0	0	0	65	0	28	0	6	0	0	12	0	3	0	5	0	0	12	1	82	0	0	2	18	5	0	0	38	25	0	0	7	7	2	6	25	11	1	4	48	1	1	3	0	0	88	15	115	4	1	11	3	4	0	1	0	0	0	0	8	0	0	0	0	2	0	0	6	6	0	0	0	1	0	19	0	5	4	0	11	2	1	0	0	8	0	0	4	30	1	0	0	0	10	0	0	0	0	0	0	0	0	0	0	5	0	6	3	0	3	0	1	0	0	5	1	0	2	0	2	0	0	8	0	0	0	0	0	0	2	0	0	0	0	2	0	3	5	4	0	2	0	0	0	0	0	0	0	0	0	4	0	2	5	1	0	2	0	0	0	0	2	1	0	0	0	0	1	0	0	0	0	1	2	0	1	0	0	0	0	0	0	0	0	0	0	1	0	0	0	2	0	0	0	0	0	0	0	0	0	0	0	2	2	2	0	0	0	0	0	0	0
cecal_1270_2	11	0	401	0	0	0	110	0	0	0	0	0	0	2	0	0	11	16	314	0	604	0	0	0	0	0	0	0	49	0	0	0	0	3	14	0	29	220	0	0	0	0	110	0	0	0	0	0	0	0	0	205	112	0	0	10	4	0	0	0	57	3	3	0	6	2	0	16	0	1	0	2	0	0	18	7	73	0	0	3	10	6	0	0	29	6	0	1	8	9	6	8	23	24	1	7	13	0	1	3	0	0	51	12	17	3	3	18	6	2	1	0	0	0	0	2	14	0	0	0	0	1	0	0	20	5	0	0	1	0	0	46	0	1	4	0	14	3	3	0	0	4	0	0	3	14	2	0	0	0	3	2	0	0	0	0	0	0	0	0	0	11	0	3	3	1	2	0	0	0	0	0	2	1	0	0	0	0	0	7	0	0	0	0	0	0	0	1	1	0	0	1	0	1	5	3	0	1	0	0	0	0	0	0	0	0	1	0	0	1	1	1	1	5	0	0	1	0	2	2	0	0	0	0	0	0	0	0	1	0	1	0	0	0	0	0	0	0	1	0	0	0	0	1	0	0	0	1	0	2	0	0	0	0	0	0	0	0	1	1	1	3	0	0	0	0	3	0	0
cecal_1270_3	4	0	393	0	0	0	87	0	0	0	0	0	0	2	0	0	6	4	355	0	461	0	0	0	0	0	0	0	33	0	0	0	0	0	14	0	38	202	0	0	0	0	194	0	0	0	0	0	0	0	0	148	41	0	0	10	18	0	0	0	59	3	15	0	7	0	0	18	0	0	0	5	0	0	28	1	72	0	0	1	23	2	0	0	24	18	0	0	11	7	3	5	28	10	2	0	55	0	0	2	2	0	93	12	62	7	3	10	9	9	0	0	0	0	0	2	12	0	0	0	0	1	0	0	36	5	0	0	0	0	0	37	0	6	4	0	11	1	3	0	0	5	1	0	2	16	3	0	0	0	8	0	0	0	0	0	0	0	0	0	0	4	0	4	6	2	1	0	0	0	0	4	4	2	8	0	5	0	0	14	0	0	0	0	0	0	0	2	0	0	0	4	0	2	3	5	2	5	0	0	2	0	0	0	0	0	1	2	0	6	3	1	1	3	2	1	1	0	1	1	0	0	0	0	0	0	0	0	0	0	0	0	0	0	1	1	0	0	1	0	0	0	0	1	0	0	2	6	0	0	0	0	0	0	0	0	0	0	2	1	0	0	0	1	0	0	0	0	0
cecal_1270_4	6	0	445	0	0	0	97	0	0	0	0	0	0	0	0	0	14	5	335	0	486	0	0	0	0	0	0	0	20	0	0	0	0	0	5	0	43	255	0	0	0	0	128	0	0	0	0	0	0	0	0	175	97	0	0	26	17	0	0	0	70	8	8	0	2	0	0	20	0	1	0	9	0	0	13	0	91	0	0	2	12	0	0	0	39	8	0	0	21	10	6	4	34	19	1	0	9	0	0	2	0	0	41	6	31	7	6	6	1	7	0	3	0	0	0	10	10	0	0	0	0	1	0	0	19	6	0	0	0	0	0	51	0	12	1	0	13	3	0	0	0	3	0	0	3	15	2	0	0	0	7	0	0	0	0	0	0	0	0	0	0	5	0	2	17	1	0	0	0	0	0	1	2	0	8	0	1	0	0	0	0	0	0	2	0	0	0	1	0	1	0	1	0	0	5	5	2	4	0	0	1	0	0	0	0	0	1	0	0	3	1	2	0	4	3	3	1	0	2	0	0	0	0	0	0	0	0	0	3	1	1	0	1	0	1	0	0	0	0	0	0	0	0	0	0	0	0	5	0	0	0	0	0	0	0	0	1	0	0	3	0	0	1	1	0	0	1	0	0
cecal_1271_2	6	59	0	0	0	0	80	0	0	0	545	0	0	9	0	0	17	0	0	0	0	0	0	0	0	0	0	0	25	361	0	0	0	94	5	9	223	0	0	0	0	0	0	0	0	0	0	0	0	0	0	50	0	0	0	0	6	0	0	0	0	2	3	0	28	0	0	1	0	0	0	4	0	0	34	0	0	0	0	24	0	18	0	0	0	26	0	0	2	6	70	0	23	2	0	3	0	0	0	24	1	0	4	6	0	0	2	0	14	2	0	0	0	0	0	3	0	0	0	0	0	0	0	1	1	3	0	0	1	6	0	2	0	1	10	0	10	2	2	0	0	0	0	115	3	2	0	0	0	2	1	0	0	0	0	0	0	0	0	0	0	7	0	8	1	0	0	0	0	0	1	0	0	0	0	19	0	0	0	5	0	0	4	1	0	1	1	0	0	0	0	0	1	3	0	2	0	0	0	0	5	0	18	0	19	0	0	6	13	1	0	0	0	0	1	0	1	1	0	3	0	0	0	0	0	0	0	0	2	2	0	0	0	0	0	0	0	0	0	0	0	0	0	0	1	0	0	0	0	0	2	0	0	0	0	0	0	0	0	1	1	0	2	0	0	0	0	3	0
cecal_1271_3	6	45	0	0	0	1	33	0	0	0	729	0	0	5	0	0	5	0	0	0	0	0	0	0	0	0	0	0	5	279	0	0	0	90	2	0	143	0	0	0	0	0	14	0	0	0	0	0	0	0	0	76	1	0	0	0	8	0	0	0	0	1	8	0	22	0	0	2	0	0	0	9	0	0	33	0	0	0	0	17	0	17	0	0	0	44	0	0	9	9	47	0	26	0	0	0	0	0	2	19	2	0	17	9	0	0	0	0	2	5	0	0	0	0	0	5	2	0	0	0	0	0	0	0	6	6	0	0	2	5	0	6	0	1	11	0	2	1	0	0	0	0	0	101	5	3	0	0	0	6	2	0	0	0	1	0	0	0	0	0	0	6	0	10	0	0	0	0	0	0	0	1	0	0	0	12	0	0	0	3	0	0	8	0	0	1	1	0	0	0	0	0	6	0	0	0	2	0	0	0	2	0	21	0	10	0	0	2	20	2	0	0	0	0	0	0	2	0	0	2	0	0	0	1	0	0	0	0	3	3	0	0	0	0	0	0	0	0	0	0	0	0	0	0	0	2	0	1	0	0	3	0	0	0	0	0	2	1	0	3	1	0	0	0	0	0	1	1	0
cecal_1272_2	1	295	269	1	0	0	57	0	428	0	56	0	0	57	0	0	13	4	198	183	109	159	0	0	0	0	0	0	15	0	0	0	0	0	6	0	64	24	0	0	0	0	98	1	0	0	0	0	0	0	0	0	210	0	0	0	25	16	0	0	0	5	12	0	11	0	0	27	0	1	0	15	0	0	0	6	70	0	0	3	0	0	0	0	13	18	0	0	16	4	9	5	21	2	2	11	0	0	0	3	0	0	20	7	97	6	4	6	5	0	0	0	0	0	0	9	6	0	0	0	0	0	0	0	0	1	0	0	0	0	0	43	0	1	2	0	0	2	0	0	0	4	0	0	1	22	1	0	0	0	4	1	0	0	6	0	0	0	0	1	0	1	0	6	0	0	0	0	0	0	0	3	1	0	4	0	0	0	0	2	0	0	0	0	0	0	4	1	0	0	0	1	0	0	0	4	3	2	0	0	0	0	0	0	0	0	0	1	0	0	2	0	1	0	1	0	2	0	0	1	0	0	0	0	5	0	0	0	0	1	0	0	0	0	0	0	0	2	2	0	5	1	0	1	0	0	2	0	0	0	0	0	0	0	0	1	0	0	0	1	1	2	0	0	0	0	0	0	1
cecal_1272_3_B	8	334	226	0	0	0	42	0	533	0	74	0	0	39	0	0	24	3	228	179	170	233	0	0	0	0	0	0	24	0	0	0	0	1	7	0	53	22	0	0	0	0	58	7	0	0	0	0	0	0	0	0	104	0	0	0	4	34	0	0	0	2	2	0	12	1	0	26	0	0	0	2	0	0	0	0	49	0	0	0	0	14	0	0	8	4	0	0	13	7	2	4	11	5	1	1	0	0	0	2	0	0	16	18	73	6	4	4	6	1	0	0	1	0	0	2	4	1	0	0	0	0	0	0	6	3	0	0	0	0	0	42	0	4	2	0	1	0	0	0	0	6	0	0	0	15	1	0	0	0	2	3	0	0	1	0	0	0	0	1	0	1	0	1	1	0	2	0	0	0	0	1	2	0	2	5	5	0	1	0	0	0	0	0	0	0	0	1	1	0	0	1	0	2	2	3	0	2	0	0	0	0	0	0	0	0	0	1	4	4	13	0	1	0	2	0	1	0	1	1	0	1	2	0	6	0	0	0	0	0	0	0	1	0	2	0	0	1	0	0	1	1	0	0	0	0	2	0	0	0	0	0	0	0	0	0	1	1	0	1	1	0	0	1	0	0	0	0	0
cecal_1273_1	5	269	174	0	0	0	38	0	0	0	0	0	0	114	0	0	5	4	294	123	203	248	0	0	0	0	0	0	1	0	0	0	0	88	1	0	35	127	0	0	0	0	138	0	0	0	0	0	0	0	0	164	117	0	0	7	16	41	0	0	49	5	6	0	4	0	0	16	0	0	0	2	0	0	11	2	43	0	0	4	0	1	0	0	9	8	0	0	15	13	14	20	5	21	3	11	0	0	0	6	0	0	18	14	61	10	4	4	5	1	0	1	1	0	0	23	20	4	0	0	0	0	0	2	4	1	0	0	0	2	0	53	0	1	0	0	0	1	0	0	0	1	0	0	5	11	0	0	0	0	1	0	3	0	3	0	0	0	0	1	0	3	0	4	1	0	1	0	0	0	0	3	3	0	8	0	1	0	0	3	0	0	11	1	0	0	1	4	0	0	0	0	0	2	0	2	3	6	0	0	0	0	0	0	0	0	0	13	3	0	3	0	1	0	0	0	2	0	0	0	1	45	0	0	7	0	0	0	0	0	0	0	0	0	0	0	0	0	0	0	2	0	1	2	0	0	1	6	0	0	0	0	0	0	0	0	0	0	0	0	0	2	4	0	0	0	0	0	0
cecal_1275_1	5	255	0	2	0	0	157	0	0	0	0	0	0	4	0	0	47	36	196	214	407	426	0	0	0	0	0	0	30	1	0	0	0	7	20	0	0	149	0	0	0	0	22	101	0	0	0	0	0	0	0	150	17	0	0	0	2	0	0	0	0	8	14	0	1	0	0	41	0	0	0	6	0	0	0	5	41	0	0	29	22	0	0	0	75	6	0	0	5	2	1	0	2	3	1	0	6	0	1	11	0	0	21	1	7	6	1	7	8	5	3	0	0	0	0	4	3	0	0	0	0	0	1	0	12	2	0	2	1	6	0	8	0	1	0	0	24	1	2	0	0	1	0	0	7	5	14	9	0	0	5	1	1	0	0	0	129	0	0	0	1	1	0	3	5	1	1	0	0	0	5	0	0	1	2	0	1	0	2	0	0	0	0	3	0	1	0	0	0	0	0	4	0	0	2	0	0	0	0	0	4	0	0	0	0	5	1	0	1	5	0	3	0	0	1	2	0	0	0	1	0	2	2	0	2	0	0	0	1	0	0	0	1	0	0	0	0	0	0	0	0	3	1	1	2	0	0	2	0	0	0	0	0	0	0	0	0	2	7	0	0	0	0	1	0	0	1	0	0
cecal_1275_2	7	95	0	9	0	0	202	0	0	0	0	0	0	0	0	0	11	9	330	195	320	175	0	0	0	0	0	0	17	8	0	0	0	20	4	0	0	255	0	0	0	0	64	67	0	0	0	0	0	0	0	134	152	0	0	8	5	0	0	0	0	4	14	0	0	1	0	13	0	2	0	9	0	0	0	1	28	0	0	13	14	0	0	0	115	17	0	0	12	0	10	3	11	18	1	0	7	0	0	7	0	0	75	0	41	29	0	14	11	3	0	0	0	0	0	3	8	0	0	0	0	0	1	0	27	13	0	0	13	6	0	2	0	3	1	0	17	2	1	0	0	6	1	0	7	17	12	1	0	0	5	0	0	0	0	0	84	0	0	0	0	0	0	3	2	1	0	0	0	0	0	1	4	1	6	0	0	0	0	3	0	0	0	0	0	1	0	0	0	0	0	3	0	0	3	3	0	1	0	0	1	0	8	0	0	5	1	2	1	1	0	0	0	6	0	0	2	4	0	1	0	19	0	0	7	0	0	0	4	0	2	0	1	0	1	0	0	0	0	0	0	2	0	0	0	0	0	2	0	0	0	0	0	0	0	0	0	0	5	3	0	2	0	0	1	0	0	0	0
cecal_1275_4	1	107	0	0	0	0	65	0	0	0	0	0	0	43	0	0	8	35	251	157	267	214	0	0	0	0	0	0	13	15	0	0	0	20	8	0	0	199	0	0	0	0	138	35	0	0	0	0	0	0	0	135	125	0	0	14	11	0	0	0	0	0	4	0	16	2	0	18	0	1	0	12	0	0	0	0	69	0	0	15	28	0	0	0	55	17	0	0	18	11	34	1	23	16	1	0	17	0	3	14	0	1	31	0	183	10	0	13	10	8	5	0	0	0	0	16	20	1	0	0	0	0	0	0	42	7	0	46	10	2	0	4	0	1	2	0	8	3	0	0	0	14	1	0	9	10	1	2	0	0	5	0	0	0	0	0	25	1	0	0	1	11	0	2	8	0	0	0	0	0	5	1	2	1	9	0	0	0	1	3	0	0	0	4	0	0	0	0	0	0	0	4	0	1	1	2	0	3	0	0	0	0	4	0	0	15	1	1	5	7	2	1	2	3	1	2	2	0	0	1	0	19	3	0	13	0	0	0	3	1	0	1	2	0	0	0	0	0	0	0	1	2	0	1	0	1	2	3	0	2	0	0	0	0	0	2	0	0	10	0	0	3	0	0	1	0	1	0	0
cecal_1291_2	5	0	832	54	0	0	37	0	0	0	0	148	0	0	0	0	0	48	0	0	0	0	0	0	0	0	147	0	0	0	608	0	67	0	4	0	0	0	0	70	0	56	0	0	250	0	215	0	0	0	0	0	0	0	0	0	0	0	123	0	0	0	0	33	0	0	0	0	54	0	0	0	0	0	0	0	0	41	0	0	0	0	0	0	0	0	2	0	0	0	0	0	0	0	0	0	0	0	0	0	0	0	0	0	0	0	0	0	0	0	0	1	0	0	0	0	0	0	0	0	0	0	0	0	0	0	0	0	0	0	0	0	0	6	0	6	0	0	0	0	6	0	0	0	0	0	0	0	0	0	0	0	0	0	0	0	0	0	0	0	0	0	0	0	0	0	0	0	0	6	0	0	0	0	0	0	0	0	0	0	3	0	0	0	0	0	0	0	0	0	0	0	0	0	0	0	0	0	0	0	0	28	0	2	0	0	0	0	0	0	0	0	0	0	0	0	0	0	0	0	0	0	0	0	0	0	0	0	0	0	0	0	0	0	0	0	3	0	0	0	0	0	0	0	0	0	0	0	0	0	0	0	0	0	0	0	0	0	0	0	0	0	0	0	0	0	0	0	0
cecal_1291_3	16	0	858	54	0	0	57	0	0	0	0	115	0	0	0	0	0	67	0	0	0	0	0	0	0	0	104	0	0	0	672	0	60	0	1	0	0	0	0	85	0	75	0	0	290	0	204	0	0	0	0	0	0	0	0	0	0	0	23	1	0	0	0	14	0	0	0	0	31	0	0	0	0	0	0	0	0	35	0	0	0	0	0	0	0	0	5	0	0	0	0	0	0	0	0	0	0	0	0	0	0	0	0	0	0	0	0	0	0	0	0	1	0	0	0	0	0	0	0	0	0	0	0	0	0	0	0	0	0	0	0	0	0	23	0	9	0	0	0	0	8	0	0	0	0	0	0	0	0	0	0	0	0	0	0	0	0	0	0	0	0	0	0	0	0	0	0	0	0	10	0	0	0	0	0	0	0	0	0	0	1	0	0	0	0	0	0	0	0	0	0	0	0	0	0	0	0	0	0	0	0	46	0	3	0	0	0	0	0	0	0	0	0	0	0	0	0	0	0	0	0	0	0	0	0	0	0	0	0	0	0	0	0	2	0	0	4	0	0	0	0	0	0	0	0	0	0	0	0	0	0	0	0	0	0	0	0	0	0	0	0	0	0	0	0	0	0	0	0
cecal_1292_1	17	533	326	48	5	448	44	248	0	3	0	7	0	0	0	0	0	0	0	0	0	0	0	28	0	0	7	0	0	0	54	0	0	0	0	0	0	0	65	16	62	0	0	0	4	0	9	0	0	70	88	0	116	0	119	0	42	0	0	6	0	0	0	0	0	0	0	0	0	0	0	0	0	0	0	0	0	0	0	0	0	0	2	9	0	0	1	0	0	0	0	0	0	0	16	0	0	15	0	0	0	0	0	0	0	0	0	0	0	0	0	0	0	13	0	0	0	0	0	1	1	0	0	0	0	0	3	0	0	0	0	0	0	0	33	0	0	0	0	0	4	0	0	0	0	0	0	0	2	0	0	0	0	3	0	1	0	0	1	0	0	0	0	0	0	0	0	0	1	0	0	0	0	0	0	0	0	28	0	0	0	3	0	0	0	0	0	0	0	0	3	0	0	0	0	0	0	0	4	0	0	0	0	0	0	0	0	0	0	0	0	0	0	0	0	0	0	0	0	0	0	0	0	0	0	0	0	0	0	0	0	0	0	0	0	0	0	0	1	0	0	0	0	0	0	1	0	0	1	0	0	2	0	0	0	0	0	0	0	0	0	0	0	0	0	0	0	0	1
cecal_1292_2	3	394	408	31	10	489	20	352	0	5	0	0	0	0	0	0	0	0	0	0	0	0	0	43	0	0	3	0	0	0	48	0	0	0	1	0	0	0	36	28	44	0	1	0	4	0	15	0	0	80	97	0	76	2	89	0	57	0	0	6	0	0	0	0	0	0	0	0	0	0	0	1	0	0	0	0	0	0	0	0	0	0	1	4	0	0	1	0	0	0	0	0	0	0	10	0	0	13	0	0	0	0	0	0	0	0	0	0	0	0	0	0	0	17	7	0	0	0	0	12	9	0	0	0	0	0	5	0	0	0	0	0	0	0	32	0	0	0	0	0	0	0	0	0	0	0	0	0	0	0	0	0	0	0	0	5	0	0	0	0	0	0	1	0	0	0	0	0	0	0	0	0	0	0	0	0	0	19	3	0	3	9	0	0	0	0	0	0	0	0	1	0	0	0	0	0	0	0	3	0	0	1	0	3	0	0	0	0	0	0	0	0	0	0	0	0	0	0	0	0	0	0	0	0	0	0	2	0	0	0	0	0	0	0	0	0	1	0	0	1	0	0	0	0	0	4	0	0	0	0	0	6	0	0	0	0	0	0	0	0	0	0	0	0	0	0	0	0	1
cecal_1292_3	11	360	364	25	8	594	37	384	0	6	0	2	0	0	0	0	0	0	0	0	0	0	0	54	0	0	0	0	0	0	31	0	0	0	1	0	0	0	38	24	42	0	0	0	2	0	7	0	0	78	66	0	90	14	88	0	54	0	0	6	0	0	0	0	0	0	0	0	3	0	0	1	0	0	0	0	0	1	0	0	0	0	1	10	0	0	0	0	0	0	0	0	0	0	15	0	0	6	0	0	0	0	0	0	0	0	0	0	0	0	0	1	0	25	1	0	0	0	0	7	4	0	0	0	0	0	3	0	0	0	0	0	0	0	46	0	0	0	0	1	0	0	0	0	0	0	0	0	0	0	0	0	0	0	0	4	0	0	1	0	0	0	1	0	0	0	0	0	0	0	0	0	0	0	0	0	0	25	1	0	2	5	0	0	0	0	0	0	0	0	3	0	0	0	0	0	0	0	4	0	0	0	0	0	0	0	0	0	0	0	0	0	0	0	0	0	0	0	0	0	0	0	0	0	0	0	0	0	0	0	0	0	0	2	0	0	0	0	0	0	0	0	0	0	0	0	0	0	3	0	0	4	0	0	1	0	0	0	0	0	0	0	0	0	0	0	0	0	1
cecal_1292_4	4	324	289	76	11	517	0	379	0	5	0	5	0	0	0	0	0	0	0	0	0	0	0	45	0	0	5	0	0	0	54	0	0	0	1	0	0	0	40	31	42	0	0	0	2	0	2	0	0	68	119	0	92	2	79	0	71	0	0	9	0	0	0	0	0	0	0	0	3	0	0	1	0	0	0	0	0	3	0	0	0	0	3	20	0	0	2	0	0	0	0	0	0	0	16	0	0	14	0	0	0	0	0	0	0	0	0	0	0	0	0	2	0	36	10	0	0	0	0	10	6	0	0	0	0	0	6	0	0	0	0	0	0	0	58	0	0	0	0	2	0	0	0	0	0	0	0	0	4	0	0	0	0	0	0	1	0	0	3	0	0	0	1	0	0	0	0	0	0	0	0	0	0	0	0	0	0	12	0	0	2	4	0	0	0	0	0	0	0	0	12	0	0	0	0	0	0	0	9	0	0	0	0	1	0	0	0	0	0	0	0	0	0	0	0	0	0	0	0	0	0	0	0	0	0	0	1	0	0	0	0	0	0	0	0	0	0	0	0	0	0	0	0	0	0	2	0	0	1	0	0	1	0	0	1	0	0	0	0	0	0	0	0	0	0	0	0	0	0
cecal_1293_1	11	0	1300	27	0	0	63	1	0	0	0	8	169	0	0	0	0	0	0	0	0	0	0	0	0	0	13	0	0	0	404	161	109	104	5	15	0	0	0	17	14	44	0	0	0	20	152	0	10	66	0	0	0	0	50	0	0	0	0	0	0	0	0	14	0	0	0	0	5	0	8	0	27	0	0	0	0	0	0	0	0	0	0	0	0	0	9	0	0	0	0	0	0	0	0	0	0	0	0	0	0	0	0	0	0	0	0	0	0	0	0	1	0	0	0	0	0	0	0	0	0	0	0	0	0	0	0	0	0	0	0	1	0	0	0	4	0	0	0	0	0	0	0	0	0	0	0	0	5	0	0	0	0	1	0	0	0	0	0	0	0	0	2	0	0	0	0	14	0	0	0	0	0	0	0	0	2	0	0	0	4	0	0	0	0	0	0	0	0	0	0	0	0	0	0	0	0	0	0	0	0	14	0	0	0	0	0	0	0	0	0	0	0	0	0	0	0	0	0	0	0	0	0	0	0	0	0	0	0	0	0	0	0	0	0	0	0	0	0	0	0	0	0	0	0	0	0	0	0	0	0	0	0	0	0	0	0	0	0	0	0	0	0	0	0	0	0	0	0
cecal_1293_2	29	0	1291	26	0	0	77	0	0	0	0	2	159	0	0	0	0	5	0	0	0	0	0	0	0	0	9	0	0	0	268	93	97	110	6	12	0	0	0	70	13	59	0	0	0	41	251	0	12	64	0	0	0	0	71	0	0	0	0	0	0	0	0	27	0	0	0	0	5	0	10	0	7	0	0	0	0	0	0	0	0	0	0	0	0	0	11	0	0	0	0	0	0	0	0	0	0	0	0	0	0	0	0	0	0	0	0	0	0	0	0	0	0	0	0	0	0	0	0	0	0	0	0	0	0	0	0	0	0	0	0	0	2	0	0	2	0	0	0	0	0	0	0	0	0	0	0	0	3	0	0	0	0	0	0	0	0	0	0	0	0	0	1	0	0	0	0	10	1	0	0	0	0	0	0	0	11	0	0	0	0	0	0	0	0	0	0	0	0	0	0	0	0	0	0	0	0	0	0	0	0	4	0	3	0	0	0	0	0	0	0	0	0	0	0	0	0	0	0	0	0	0	0	0	0	0	0	0	0	0	0	0	0	0	0	0	0	0	1	0	0	0	0	0	0	0	0	0	0	0	0	0	0	0	0	0	0	0	0	0	0	0	0	0	0	0	0	0	0
cecal_1293_4	13	0	1092	15	0	0	43	0	0	0	0	2	183	0	0	0	0	2	0	0	0	0	0	0	0	0	22	0	0	0	597	152	80	74	6	31	0	0	0	66	17	39	0	0	0	17	166	0	6	74	0	0	0	0	64	0	0	0	0	0	0	0	0	31	0	0	0	0	4	0	16	0	10	0	0	0	0	0	0	1	0	0	0	0	0	1	2	0	0	0	0	0	0	0	0	0	0	0	0	0	0	0	0	0	0	0	0	0	0	0	0	0	0	0	0	0	0	0	0	0	0	0	0	0	0	0	0	0	0	0	0	0	2	0	0	9	0	0	0	0	0	0	0	0	0	0	0	0	5	0	0	0	0	1	0	0	0	0	0	0	0	0	1	0	0	0	0	4	0	0	0	0	0	0	0	0	7	0	0	0	1	0	0	0	0	0	0	0	0	0	0	0	0	0	0	0	0	0	0	0	0	5	0	1	0	0	0	0	0	0	0	0	0	0	0	0	0	0	0	0	0	0	0	0	0	0	0	0	0	0	0	0	0	0	0	0	0	0	0	0	0	0	0	0	0	0	0	0	0	0	0	0	0	0	0	0	0	0	0	0	0	0	0	0	0	0	0	0	0
cecal_1294_1	61	0	0	755	0	0	501	0	0	0	0	54	0	0	0	0	0	13	0	0	0	0	0	0	0	0	0	0	0	0	0	0	79	0	24	0	0	1	0	0	0	0	0	0	0	0	0	0	0	0	0	0	585	0	0	0	0	0	0	0	0	0	368	0	0	0	0	0	0	0	0	0	0	0	128	10	0	0	0	0	0	0	0	0	0	0	0	0	48	0	0	0	0	105	0	0	0	0	0	0	0	0	0	0	0	0	0	0	0	0	0	0	0	0	0	0	0	0	0	0	0	0	0	0	0	0	0	0	0	0	0	0	0	36	0	0	0	0	0	0	0	24	0	0	0	0	0	0	0	0	53	0	4	0	0	0	0	0	0	0	0	0	0	0	0	0	0	0	0	0	0	0	48	0	0	0	0	0	0	0	0	0	0	0	0	0	0	0	0	0	0	0	23	0	0	0	0	0	0	0	0	0	0	0	0	0	0	0	0	0	0	0	0	0	0	0	0	0	0	0	0	0	0	0	0	0	0	0	0	0	0	0	0	0	0	0	0	0	0	0	0	0	0	0	0	0	0	0	0	0	0	0	0	0	0	0	0	0	0	0	0	0	0	0	0	0	0	0	0
cecal_1294_2	66	0	0	1049	0	0	409	0	0	0	0	149	0	0	0	0	0	34	2	2	6	1	0	0	0	0	0	0	0	0	0	0	126	0	42	0	0	2	0	0	0	0	0	0	0	0	0	0	0	0	0	0	300	0	0	0	0	0	0	0	0	0	316	0	0	0	0	0	0	0	0	0	0	0	101	9	0	0	0	0	0	0	0	0	0	0	0	0	36	0	0	0	0	85	0	0	0	1	0	0	0	0	0	0	0	0	0	0	0	0	0	0	0	0	0	0	0	0	0	0	0	0	0	0	0	0	0	0	1	0	0	0	0	21	0	0	0	0	0	0	0	25	0	0	0	0	0	0	0	0	42	0	0	0	0	0	0	0	0	0	0	0	0	0	0	0	0	0	0	0	0	0	40	0	0	0	0	0	0	0	0	0	0	0	0	0	0	0	0	0	0	0	58	0	0	0	0	0	0	0	0	0	0	0	0	0	0	0	0	0	0	0	0	0	0	0	0	0	0	0	0	0	0	0	0	0	0	0	0	0	0	0	0	0	0	0	0	0	0	0	0	0	0	0	0	0	0	0	0	0	0	0	0	0	0	0	0	0	0	0	0	0	0	0	0	0	0	0	0
cecal_1294_3	79	0	1	801	0	1	513	0	0	0	0	173	0	0	0	0	0	19	0	0	0	0	0	0	0	0	0	0	0	0	0	0	51	0	38	0	0	0	0	0	0	0	0	0	0	0	0	0	0	0	0	0	366	0	0	0	0	0	0	0	0	0	404	0	0	0	0	0	0	0	0	0	0	0	77	8	0	0	0	0	0	0	0	0	0	0	0	0	50	0	0	0	0	86	0	0	0	0	0	0	0	0	0	0	0	0	0	0	0	0	0	0	0	0	0	0	0	0	0	0	0	0	0	0	0	0	0	0	0	0	0	0	0	38	0	0	0	0	0	0	0	8	0	0	0	0	0	0	0	0	83	0	9	0	0	0	0	0	0	0	0	0	0	0	0	0	0	0	0	0	0	0	28	0	0	0	0	0	0	0	0	0	0	0	0	0	0	0	0	0	0	0	78	0	0	0	0	0	0	0	0	0	0	0	0	0	0	0	0	0	0	0	0	0	0	0	0	0	0	0	0	0	0	0	0	0	0	0	0	0	0	0	0	0	0	0	0	0	0	0	0	0	0	0	0	0	0	0	0	0	0	0	0	0	0	0	0	0	0	0	0	0	0	0	0	0	0	0	0
cecal_1295_4	25	2	1057	14	0	0	24	0	0	42	0	10	109	0	0	0	0	1	0	0	0	0	0	0	0	0	9	0	0	0	581	0	21	0	2	0	0	0	87	12	0	0	0	0	20	0	102	0	2	0	0	0	166	0	0	0	0	0	30	0	0	0	0	4	0	0	0	0	3	0	0	1	0	0	0	0	0	5	0	0	0	0	24	0	0	0	2	0	0	0	0	0	0	0	0	0	0	17	0	0	0	0	0	0	0	0	0	0	0	0	0	1	0	48	0	0	0	0	0	0	0	64	0	0	68	0	0	0	0	0	0	0	0	0	60	1	0	0	0	1	3	0	0	0	0	0	0	0	2	0	0	0	1	1	0	0	0	0	0	0	0	0	1	0	0	0	0	0	0	7	0	0	0	0	0	0	0	0	0	0	0	0	0	0	2	0	0	0	0	0	21	0	0	0	0	0	0	0	0	0	0	0	0	1	0	0	0	0	0	0	0	0	0	0	0	0	0	0	0	0	0	0	0	0	0	0	0	0	0	0	0	0	0	0	0	0	0	0	0	0	0	0	0	0	0	0	0	0	0	0	0	0	0	0	0	0	0	0	0	0	0	0	0	0	0	0	0	0	8
cecal_1296_1	4	475	371	0	9	502	30	356	0	9	0	1	0	0	0	0	0	1	0	0	0	1	0	83	0	0	5	0	0	0	23	0	2	0	1	2	0	0	66	5	43	22	0	0	2	0	13	0	0	18	62	0	23	3	74	0	26	0	39	6	0	0	0	0	0	0	0	0	7	0	0	13	0	0	0	16	0	6	0	0	0	0	0	11	0	0	4	0	0	0	0	0	0	0	4	0	0	11	0	0	0	0	0	0	0	27	0	0	0	0	0	0	0	31	0	0	0	0	0	8	7	0	0	0	0	0	7	0	0	0	0	0	0	11	0	0	0	0	0	1	0	0	0	0	0	0	0	0	0	0	0	0	0	0	0	3	0	0	3	0	0	0	2	0	0	0	0	0	0	0	0	0	0	0	0	0	0	28	0	0	1	4	0	0	7	0	0	0	0	0	9	0	0	0	0	0	0	0	4	0	0	2	0	0	0	0	0	0	0	0	0	0	0	0	0	0	0	0	0	0	0	0	0	0	0	0	1	0	0	0	0	0	0	0	0	0	0	0	0	0	0	0	0	0	0	0	0	0	0	0	0	1	2	0	0	0	0	0	0	0	0	0	0	0	0	1	0	0	0
cecal_1296_2	7	361	290	0	10	538	40	396	0	74	0	2	0	0	0	0	0	0	0	0	0	0	0	62	0	0	6	0	0	0	6	0	3	0	0	3	0	0	35	10	63	23	0	0	7	0	9	0	0	22	64	0	81	0	92	0	45	0	0	13	0	0	0	0	0	0	0	0	4	0	0	11	0	0	0	30	0	3	0	0	0	0	1	7	0	0	4	0	0	0	0	0	0	0	6	0	0	5	0	0	0	0	0	0	0	29	0	0	0	0	0	0	0	43	9	0	0	0	0	4	2	0	0	0	0	0	9	0	0	0	0	0	0	9	0	0	0	0	0	0	0	0	0	0	0	0	0	0	1	0	0	0	0	0	0	7	0	0	1	0	0	0	1	0	0	0	0	0	0	0	0	0	0	0	0	0	0	28	1	0	0	10	0	0	2	0	0	0	0	0	5	0	0	0	0	0	0	0	4	0	0	2	0	0	0	0	0	0	0	0	0	0	0	0	0	0	0	0	0	0	0	0	0	0	0	0	2	1	0	0	0	0	0	0	0	0	0	0	0	0	0	0	0	0	0	2	0	0	1	0	0	5	0	0	0	0	0	0	0	0	0	0	0	0	0	1	0	0	2
cecal_1296_3	1	257	422	1	18	412	26	565	0	8	0	1	0	0	0	0	0	1	0	0	0	0	0	60	0	0	2	0	0	0	4	0	2	0	1	1	0	0	61	5	65	0	1	0	3	0	8	0	0	34	48	0	73	2	80	0	20	0	2	25	0	0	0	0	0	1	0	0	17	0	0	8	0	0	0	23	0	4	0	0	0	0	0	9	0	0	3	0	0	0	0	0	0	0	12	0	0	7	0	0	0	0	0	0	0	19	0	0	0	0	0	1	0	37	1	0	0	0	0	16	21	0	0	0	0	0	10	0	0	0	0	0	0	4	0	0	0	0	0	0	0	0	0	0	0	0	0	0	5	0	0	0	0	0	0	6	0	0	2	0	0	0	1	0	0	0	0	0	0	0	0	0	0	0	0	0	0	17	0	0	0	0	0	0	2	0	0	0	0	0	6	0	0	0	0	0	0	0	11	0	0	0	0	0	0	0	0	0	0	0	0	0	0	0	0	0	0	0	0	0	0	0	0	0	0	0	4	0	0	0	0	0	0	0	0	0	0	0	0	0	0	0	0	0	0	2	0	0	0	0	0	1	1	0	0	0	0	0	0	0	0	0	0	0	0	0	0	0	3
cecal_1297_1	8	1	956	4	72	577	72	0	0	0	0	1	323	0	0	0	0	1	0	0	1	0	0	0	0	0	5	0	0	0	138	28	4	0	12	20	0	0	0	57	14	21	0	0	0	13	0	0	4	63	0	0	0	0	66	0	0	0	0	321	0	0	0	15	0	0	0	0	0	0	23	0	9	0	0	0	0	9	0	0	0	0	0	15	0	0	3	0	0	0	0	0	0	0	0	0	0	0	0	0	0	0	0	0	0	0	0	0	0	0	0	1	0	0	0	0	0	0	0	0	0	0	0	0	0	0	0	0	0	0	0	0	3	6	0	4	0	0	0	1	0	0	0	0	0	0	0	0	3	0	0	0	0	0	0	0	0	0	0	0	0	0	2	0	0	0	0	4	0	0	0	0	0	0	0	0	1	0	0	0	4	0	0	0	0	0	0	0	0	0	0	0	0	0	0	0	0	0	0	0	0	3	0	2	0	0	0	0	0	0	0	0	0	0	0	3	0	0	0	0	0	0	0	0	0	0	0	0	0	0	0	0	0	1	0	0	0	0	1	0	0	0	0	0	0	0	0	0	1	0	0	0	0	0	0	0	0	0	0	0	0	0	0	0	0	0	0	0	0
cecal_1297_2	6	1	1077	8	45	700	40	0	0	0	0	1	299	0	0	0	0	1	0	0	0	0	0	0	0	0	1	0	0	0	150	30	1	0	4	10	0	0	0	36	24	17	0	0	0	3	0	0	2	64	0	0	0	0	29	0	0	0	0	249	0	0	0	9	0	0	0	0	0	0	16	0	8	0	0	0	0	12	0	0	0	0	0	21	0	0	0	0	0	0	0	0	0	0	0	0	0	0	0	0	0	0	0	0	0	0	0	0	0	0	0	1	0	0	2	0	0	0	0	0	0	0	0	0	0	0	0	0	0	0	0	0	3	1	0	4	0	0	0	1	0	0	0	0	0	0	0	0	11	0	0	0	0	0	0	0	0	0	0	0	0	0	0	0	0	0	0	0	0	0	0	0	0	0	0	0	4	0	0	0	2	0	0	0	0	0	0	0	0	0	0	0	0	0	0	0	0	0	0	0	0	4	0	1	0	0	0	0	0	0	0	0	0	0	0	4	0	0	0	0	0	0	0	0	0	0	0	3	0	0	0	0	0	1	0	0	0	0	0	0	0	0	0	0	0	0	0	0	0	0	0	0	0	0	0	0	0	0	0	0	0	0	0	0	0	0	0	0	0
cecal_1297_4	5	0	1009	3	99	447	59	0	0	0	0	6	320	0	0	0	0	2	0	0	0	0	0	0	0	0	9	0	0	0	183	60	0	0	3	20	0	0	0	48	13	25	0	0	0	7	0	0	2	53	0	0	0	0	58	0	0	0	0	304	0	0	0	16	0	0	0	0	0	0	25	0	14	0	0	0	0	8	0	0	0	0	0	16	0	0	5	0	0	0	0	0	0	0	0	0	0	0	0	0	0	0	0	0	0	0	0	0	0	0	0	5	0	0	0	0	0	0	0	0	0	0	0	0	0	0	0	0	0	0	0	0	2	4	0	10	0	0	0	5	0	0	0	0	0	0	0	0	20	0	0	0	0	0	0	0	0	0	0	0	0	0	2	0	0	0	0	9	0	0	0	0	0	0	0	0	2	0	0	0	1	0	0	0	0	0	0	0	0	0	0	0	0	0	0	0	0	0	0	0	0	0	0	1	0	0	0	0	0	0	0	0	0	0	0	6	0	0	0	0	0	0	0	0	0	0	0	1	0	0	0	0	0	0	0	0	0	0	0	0	0	0	0	0	0	0	0	0	2	0	0	0	0	0	0	0	0	0	0	0	0	0	0	0	0	0	0	0	0
cecal_d21_1199_2	6	30	638	0	8	405	108	467	0	68	0	0	59	110	0	0	0	0	0	0	0	0	0	0	0	0	6	0	0	0	0	65	0	0	6	0	0	0	1	31	56	12	0	0	11	0	0	0	0	0	166	0	89	0	0	0	31	0	0	5	0	0	0	0	0	0	0	0	0	0	0	29	1	0	0	0	52	0	4	0	0	0	7	7	0	0	2	0	0	8	0	0	0	0	13	0	0	0	10	0	0	0	0	0	0	0	0	0	0	3	0	3	0	35	0	0	0	1	0	9	5	0	0	0	0	0	13	0	0	0	0	0	6	0	0	0	0	0	0	0	18	0	0	0	0	0	0	0	0	0	0	0	0	0	0	4	0	1	3	0	0	5	0	0	0	0	0	0	1	8	0	0	0	0	0	0	0	0	0	0	0	0	0	0	2	0	0	0	0	0	0	0	0	0	0	0	0	0	0	0	0	0	0	0	0	0	0	0	0	0	0	0	0	0	0	0	0	0	0	0	0	0	0	0	0	0	0	2	0	0	0	0	0	1	0	0	0	0	0	0	2	0	0	0	1	1	0	0	1	0	0	1	3	0	1	0	0	0	0	0	0	0	0	0	0	0	0	0	0
cecal_d21_1199_3	2	759	476	100	8	372	56	383	0	21	0	12	88	26	0	0	0	0	0	0	0	0	0	0	0	0	4	0	0	0	0	55	1	1	3	0	0	0	0	18	79	0	0	0	17	0	0	0	0	0	175	0	65	0	0	1	24	0	0	1	0	0	0	0	0	0	0	1	6	0	0	19	1	0	0	0	0	0	0	0	0	0	19	7	0	0	0	1	0	3	0	0	0	0	8	0	0	0	4	0	0	0	0	0	0	0	0	0	0	7	1	2	0	16	0	0	0	0	0	3	2	0	0	0	0	0	10	0	0	0	5	0	1	0	0	0	0	0	0	0	20	0	0	0	0	0	0	0	0	0	0	0	0	0	0	0	0	1	3	1	0	0	0	0	0	0	0	0	0	9	0	0	0	0	0	0	0	0	0	0	0	0	0	0	2	0	0	0	0	0	0	0	0	0	0	0	0	0	0	1	0	0	0	0	0	0	0	0	0	0	0	0	0	0	0	0	0	0	0	0	0	0	0	0	0	0	1	0	0	0	0	0	0	0	0	0	0	0	0	0	0	0	0	0	0	0	0	0	0	0	0	1	0	0	0	1	0	0	0	0	0	0	0	0	0	0	0	0	0
cecal_d21_1199_4	5	172	363	69	8	505	29	442	0	6	0	8	88	119	0	0	0	0	0	0	0	0	0	0	0	0	5	0	0	0	0	68	0	0	1	0	0	0	0	51	40	3	0	0	11	0	0	0	0	0	199	0	160	0	0	0	65	0	0	0	0	0	0	0	0	0	0	0	12	0	0	50	2	0	0	0	1	0	1	0	0	0	23	11	0	0	1	0	0	0	0	0	0	0	14	0	0	0	7	0	1	0	0	0	0	0	0	0	0	11	0	0	0	15	0	0	0	0	0	0	8	0	0	0	0	0	11	0	0	0	0	0	1	0	0	0	0	0	0	0	18	0	0	0	0	0	0	0	0	0	0	0	2	0	0	6	0	0	2	0	0	2	0	0	0	0	0	0	0	5	0	0	0	0	0	0	0	0	0	0	1	0	0	0	2	0	0	0	0	0	0	0	0	0	0	0	0	0	0	0	0	0	0	0	0	0	0	0	0	0	0	0	0	0	0	0	0	0	0	0	0	0	0	0	0	2	0	1	0	0	0	0	0	0	0	0	3	0	1	2	0	0	0	0	0	1	0	0	1	0	0	0	0	0	0	2	0	0	0	0	0	0	0	0	0	2	0	0	4
cecal_d21_1200_1	2	552	490	4	0	316	7	623	0	74	0	0	36	10	0	0	19	0	0	0	0	0	0	0	0	0	0	0	0	0	0	0	0	0	1	0	0	0	0	22	78	2	0	0	7	0	0	0	0	0	170	0	43	0	0	68	0	0	0	0	0	0	0	0	0	2	0	0	6	0	0	26	0	0	0	0	0	0	0	38	0	0	11	8	0	0	0	0	1	0	0	0	0	0	14	0	0	0	9	0	0	3	0	0	0	38	0	94	1	5	1	1	0	23	0	1	0	0	0	5	4	1	0	0	0	0	9	0	0	0	15	0	5	0	0	0	0	0	0	0	8	0	0	0	0	0	0	0	0	0	0	0	4	2	0	0	0	0	1	0	0	0	0	1	0	0	0	0	0	25	0	0	0	0	0	0	0	0	0	0	0	0	0	0	0	0	0	0	0	7	0	0	0	0	0	0	0	0	2	1	0	0	0	0	0	0	0	0	0	0	0	0	0	0	0	0	0	0	0	0	5	0	0	0	0	1	0	0	0	0	0	0	0	0	0	0	2	0	0	0	0	0	0	0	0	1	1	0	0	0	0	0	1	0	0	0	0	0	0	0	0	0	0	0	0	1	0	0	1
cecal_d21_1200_2	5	340	378	0	0	524	2	606	0	41	0	1	29	22	0	0	27	0	0	0	0	0	0	0	0	0	2	0	0	0	0	0	0	0	9	0	0	0	0	72	25	6	25	0	21	0	0	0	0	0	199	0	64	0	0	1	0	0	0	3	0	0	0	0	0	0	0	0	20	0	0	29	0	0	0	0	0	0	1	43	0	0	5	9	0	0	1	0	0	0	0	0	0	0	21	0	0	1	2	0	0	3	0	0	0	9	0	140	0	8	0	0	0	32	0	0	0	0	0	5	10	1	0	0	0	0	10	0	0	0	14	0	6	0	0	0	0	0	0	1	13	0	0	0	0	0	0	0	0	0	0	0	3	0	0	0	0	0	5	1	0	5	0	0	0	0	0	0	0	17	0	0	0	0	0	0	0	0	1	0	1	0	0	0	6	0	0	0	0	69	0	0	0	0	0	0	0	0	1	2	0	0	0	2	0	0	0	0	0	0	0	0	0	0	0	0	0	0	0	0	2	0	0	0	0	1	0	0	0	0	0	0	0	0	0	0	1	0	0	0	0	0	0	0	1	1	0	0	0	0	0	0	1	0	0	0	0	0	0	0	0	0	0	0	0	1	0	2	0
cecal_d21_1200_3	2	354	508	1	0	413	9	665	1	49	0	10	71	25	0	0	29	0	0	0	0	1	0	0	0	2	0	0	0	0	0	0	0	0	6	0	1	0	1	24	33	7	0	0	6	0	0	0	0	0	185	0	80	0	0	0	0	0	0	16	0	0	0	0	0	0	0	1	0	0	0	10	0	0	0	0	1	0	1	56	0	0	7	1	0	0	0	0	0	0	0	0	0	0	22	0	1	0	5	0	0	1	0	0	1	33	0	73	0	12	1	1	0	32	0	0	0	0	0	4	7	0	0	0	1	0	13	1	0	0	31	0	5	1	0	0	0	0	0	0	6	0	0	0	0	0	0	0	0	0	0	0	9	1	0	0	0	0	0	0	0	1	0	0	0	0	0	0	0	13	0	0	0	0	0	0	0	0	3	0	0	0	0	0	5	0	0	0	0	29	0	0	0	0	0	0	0	0	0	0	0	0	0	0	0	0	0	0	0	0	0	0	0	0	0	0	0	0	0	0	3	0	0	0	0	3	0	0	0	0	0	0	0	1	0	0	1	0	1	0	1	0	0	0	1	1	0	0	0	0	0	0	0	0	0	0	0	0	0	0	0	0	0	0	0	1	0	0	0
cecal_d21_1200_4	1	383	538	2	0	415	7	425	0	80	0	11	93	28	0	0	27	0	0	0	0	0	0	0	0	0	0	0	0	0	0	0	0	0	2	0	0	0	0	5	58	2	0	0	5	0	0	0	0	0	178	0	71	0	0	0	0	0	0	1	0	0	0	0	0	0	0	0	11	0	0	24	0	0	0	0	0	0	0	73	0	0	5	9	0	0	0	0	0	0	0	0	0	0	30	0	56	2	11	0	0	2	0	0	0	5	0	148	0	8	8	3	0	22	0	0	0	0	0	10	0	2	0	0	0	0	5	0	0	0	21	0	2	0	0	0	0	0	0	0	12	0	0	0	0	0	0	0	0	0	0	0	4	0	0	0	0	0	2	0	0	1	0	0	0	0	0	0	0	28	0	0	0	0	0	0	0	0	3	0	1	0	0	0	5	0	0	0	0	28	0	0	0	0	0	0	0	0	3	0	0	0	0	0	0	0	0	0	0	0	0	0	0	0	0	0	0	0	0	0	16	0	0	0	0	1	1	3	0	0	0	0	0	1	0	0	0	0	0	0	0	0	0	0	0	0	7	0	1	0	0	0	0	0	0	0	0	0	0	0	0	0	0	0	0	3	0	2	0
cecal_d21_1203_1	5	911	1058	213	0	0	0	0	0	0	0	50	0	260	0	0	0	59	0	0	0	0	0	0	0	0	0	0	0	0	0	0	0	117	5	0	0	0	0	0	180	0	0	0	0	0	0	0	0	0	0	0	0	0	0	0	0	0	0	0	0	0	0	0	0	0	0	0	0	0	0	0	0	0	0	0	0	0	0	0	0	0	0	0	0	0	0	0	0	1	0	0	0	0	0	0	0	0	7	0	26	11	0	0	0	0	0	0	0	0	0	0	0	0	0	0	0	1	0	0	0	0	0	0	0	0	0	0	0	0	0	0	0	0	0	0	0	0	0	0	0	0	0	0	0	0	0	0	0	0	0	0	0	0	0	0	0	0	0	0	0	0	0	0	0	0	0	0	1	0	0	0	0	0	0	0	0	0	7	0	0	0	0	0	0	0	0	0	0	0	0	0	0	0	0	0	0	0	0	0	0	0	0	0	0	0	0	0	0	0	0	0	0	0	0	0	0	0	0	0	0	0	0	0	0	0	0	0	0	0	0	0	0	0	0	0	0	0	0	0	3	0	0	0	0	0	0	0	0	0	0	0	0	0	4	0	0	0	0	0	0	0	0	0	0	0	0	0	0
cecal_d21_1203_2	19	934	972	168	0	0	0	0	0	0	0	24	0	65	0	0	0	47	0	0	0	0	0	0	0	0	0	0	0	0	0	0	0	390	2	0	0	0	0	0	188	0	1	0	0	0	0	0	0	0	0	0	0	0	0	68	0	0	0	0	0	0	0	0	0	0	0	0	0	0	0	0	0	0	0	0	0	0	0	0	0	0	0	0	0	0	0	0	0	1	0	0	0	0	0	0	0	0	2	0	27	9	0	0	0	0	0	0	0	0	0	0	0	0	0	0	0	0	0	0	0	0	0	0	0	0	0	0	0	0	0	0	0	0	0	0	0	0	0	0	0	0	0	0	0	0	0	0	0	0	0	0	0	0	0	0	0	0	0	1	0	0	0	0	0	0	0	0	2	0	0	0	0	0	0	0	0	0	3	0	0	0	0	0	0	0	0	0	0	0	0	0	0	0	0	0	0	0	0	0	0	0	0	0	0	0	0	0	0	0	0	0	0	0	0	0	0	0	0	0	0	0	0	0	0	0	0	0	0	0	0	0	0	0	0	0	0	0	0	0	0	0	0	0	0	0	0	0	0	0	0	0	0	0	1	0	0	0	0	0	0	0	0	0	0	0	0	0	0
cecal_d21_1203_3	3	849	1202	353	0	0	0	0	0	0	0	27	0	40	0	0	0	42	0	0	0	0	0	0	0	0	0	0	0	0	0	0	0	163	3	0	0	0	0	0	156	0	3	0	0	0	0	0	0	0	0	0	0	0	0	36	0	0	0	0	0	0	0	0	0	0	0	0	0	0	0	0	0	0	0	0	0	0	0	0	0	0	0	0	0	0	0	0	0	0	0	0	0	0	0	0	0	0	0	0	32	5	0	0	0	0	0	0	0	0	0	0	0	0	0	0	0	0	0	0	0	0	0	0	0	0	0	0	0	0	0	0	0	0	0	0	0	0	0	0	0	0	0	0	0	0	0	0	0	0	0	0	0	0	0	0	0	0	0	0	0	0	0	0	0	0	0	0	6	0	0	0	0	0	0	0	0	0	1	0	0	0	0	0	0	0	0	0	0	4	0	0	0	0	0	0	0	0	0	0	0	0	0	0	0	0	0	0	0	0	0	0	0	0	0	0	0	0	0	0	0	0	0	0	0	0	0	0	0	0	0	0	0	0	0	0	0	0	0	0	0	0	0	0	0	0	0	0	0	0	0	0	0	0	4	0	0	0	0	0	0	0	0	0	0	0	0	0	0
cecal_d21_1203_4	8	875	1458	217	0	0	0	0	0	0	0	13	0	38	0	0	0	48	0	0	0	0	0	0	0	0	0	0	0	0	0	0	0	146	1	0	0	0	0	0	59	0	4	0	0	0	0	0	0	0	0	0	0	0	0	22	0	0	0	0	0	0	0	0	0	0	0	0	0	0	0	0	0	0	0	0	0	0	0	0	0	0	0	0	0	0	0	0	0	0	0	0	0	0	0	0	0	0	1	0	23	9	0	0	0	0	0	0	0	0	0	0	0	0	0	0	0	0	0	0	0	0	0	0	0	0	0	0	0	0	0	0	0	0	0	0	0	0	0	0	0	0	0	0	0	0	0	0	0	0	0	0	0	0	0	0	0	0	0	0	0	0	0	0	0	0	0	0	0	0	0	0	0	0	0	0	0	0	3	0	0	0	0	0	0	0	0	0	0	0	0	0	0	0	0	0	0	0	0	0	0	0	0	0	0	0	0	0	0	0	0	0	0	0	0	0	0	0	0	0	0	0	0	0	0	0	0	0	0	0	0	0	0	0	0	0	0	0	0	0	0	0	0	0	0	1	0	0	0	0	0	0	0	0	1	0	0	0	0	0	0	0	0	0	0	0	0	0	0
cecal_d21_1205_2	14	17	243	2	0	0	54	0	226	0	151	0	0	0	0	12	3	1	62	164	127	127	0	0	0	101	0	109	19	0	0	0	0	24	4	0	42	6	0	0	0	0	233	8	0	0	0	78	0	0	0	0	167	0	0	3	3	21	0	0	22	4	2	0	0	0	0	42	0	0	0	6	0	7	0	36	83	0	0	0	0	8	0	0	14	4	0	0	8	4	19	19	30	1	2	0	48	0	2	4	2	0	7	12	86	8	17	5	23	6	1	1	0	0	0	10	5	2	0	0	0	0	0	0	0	0	0	0	5	0	0	73	0	1	21	0	4	4	4	0	0	10	0	0	2	6	1	0	0	6	5	0	0	0	7	0	6	0	0	0	4	1	0	20	8	4	2	0	0	0	0	8	1	1	30	3	2	0	1	3	0	0	0	0	0	0	1	4	0	0	0	5	0	1	1	0	9	5	0	0	0	0	3	0	0	0	2	0	3	1	0	2	0	0	0	3	4	0	4	2	1	3	1	0	2	0	0	0	0	0	1	1	1	0	3	0	0	0	0	0	0	0	0	1	0	0	0	0	0	6	0	0	0	0	0	0	0	0	0	1	1	5	3	0	1	0	0	0	1
cecal_d21_1205_3	4	7	198	3	0	0	37	0	261	0	143	0	0	20	0	82	5	0	63	156	126	179	0	0	0	137	0	49	8	0	0	0	0	27	0	0	35	19	0	0	1	0	206	6	0	0	0	40	0	0	0	0	180	0	0	3	6	14	0	0	27	8	5	0	1	0	0	38	0	9	0	6	0	13	0	8	112	0	0	0	4	18	0	0	13	7	0	8	23	0	50	8	17	6	2	0	19	0	0	7	0	1	6	3	42	7	25	9	8	4	3	0	0	0	0	29	6	1	0	0	0	0	0	2	3	8	0	21	3	3	0	38	0	2	11	0	2	5	4	0	0	12	27	0	2	4	0	0	0	0	0	0	2	0	0	0	0	0	0	0	4	0	0	9	4	2	0	0	0	0	0	3	0	0	5	0	3	0	3	9	0	0	29	0	0	1	14	6	0	0	0	3	0	7	0	3	7	3	0	0	0	0	0	0	0	0	6	0	0	1	1	0	2	0	1	1	3	1	0	1	1	1	3	0	4	0	0	0	1	0	1	1	0	0	0	1	0	0	0	0	0	3	0	1	2	0	0	0	0	5	0	0	0	1	0	0	0	0	0	2	0	0	0	0	1	0	1	0	0
cecal_d21_1205_4	0	7	253	2	0	5	121	4	240	0	98	1	2	1	0	25	2	2	76	174	104	141	0	0	0	153	0	74	16	0	0	0	0	11	4	0	41	10	0	0	0	0	189	9	0	0	0	40	0	0	1	0	216	0	0	5	6	24	0	0	30	7	2	0	1	4	0	38	0	0	0	13	0	20	0	10	70	0	0	0	0	9	0	0	1	4	0	0	8	9	18	22	30	1	1	2	22	0	0	0	0	2	8	15	43	23	12	10	14	3	19	0	3	0	0	4	4	5	0	0	0	5	0	2	17	8	0	24	2	1	0	51	0	6	8	0	8	1	7	0	0	6	0	0	1	12	0	0	0	5	9	2	3	0	1	0	18	0	0	0	0	2	0	8	8	2	1	0	2	0	1	4	3	0	7	0	4	0	2	2	0	0	0	0	0	1	3	1	0	0	0	2	0	11	2	4	4	3	0	0	0	0	0	0	0	0	1	0	1	0	2	0	1	0	1	15	4	2	0	0	4	0	0	0	0	0	0	0	0	1	0	0	0	0	1	2	0	0	0	0	0	1	0	3	0	0	0	0	0	7	0	0	0	1	0	0	0	0	0	0	0	6	3	0	1	0	0	0	0
cecal_d21_1207_1	5	761	1400	241	0	0	0	1	0	0	0	29	0	22	0	0	0	28	0	0	0	1	0	0	0	0	0	0	0	0	0	0	0	160	2	0	0	0	0	0	97	0	0	1	0	0	0	0	0	0	0	0	0	0	0	0	49	0	0	0	1	0	0	0	1	0	0	1	0	0	0	2	0	0	0	0	0	0	0	0	0	0	0	0	0	0	0	0	0	1	0	0	0	0	0	0	0	0	13	0	32	3	0	0	0	0	0	0	0	3	2	0	0	0	0	0	0	0	0	0	0	0	0	0	0	0	0	0	0	12	0	0	0	0	2	0	0	0	0	0	0	0	0	0	0	0	0	0	0	0	0	0	0	0	0	0	0	0	0	0	0	0	0	0	3	0	0	0	2	0	0	0	0	0	32	0	0	0	3	0	0	0	0	0	0	0	0	0	0	5	0	0	0	0	0	0	0	0	0	0	0	0	0	0	0	1	0	0	0	0	0	0	0	4	0	0	0	0	0	0	0	0	0	0	0	0	0	0	0	0	0	0	0	0	0	0	0	0	0	0	0	0	0	0	0	0	0	0	0	0	0	0	0	0	2	1	0	0	0	0	0	0	0	0	0	0	0	0	0
cecal_d21_1207_2	1	902	1123	204	0	0	0	0	0	0	0	15	0	28	0	0	0	5	0	0	0	0	0	0	0	0	0	0	0	0	0	0	0	91	0	0	0	0	0	0	197	0	0	0	0	0	0	0	0	0	0	0	0	0	0	0	73	0	0	0	0	0	0	0	0	0	0	0	0	0	0	51	0	0	0	0	0	0	0	0	0	0	0	0	0	0	0	2	0	0	0	0	0	0	0	0	0	0	3	0	13	5	0	0	0	0	0	0	0	10	1	0	0	0	0	0	48	0	0	0	0	0	0	0	0	0	0	0	0	7	0	0	0	0	8	0	0	0	0	0	0	0	0	0	0	0	0	0	0	0	0	0	0	0	0	0	0	0	0	0	0	0	0	0	7	0	0	0	4	0	0	0	0	0	83	0	0	0	0	0	0	0	0	0	0	0	0	0	0	5	0	0	0	0	0	0	0	0	0	0	0	0	0	0	0	0	0	0	0	0	0	0	2	21	0	0	0	0	0	0	0	0	0	0	0	0	0	0	0	0	0	0	0	0	0	0	0	0	0	0	1	0	0	0	0	0	1	0	0	0	0	0	0	0	2	0	0	0	0	0	0	0	0	1	0	0	0	0	0
cecal_d21_1207_3	2	848	1038	149	0	1	0	1	0	0	0	9	1	61	0	0	0	3	0	0	0	0	0	0	0	0	0	0	0	0	0	0	0	250	4	0	0	0	0	0	109	0	0	0	0	0	0	0	0	0	0	0	11	0	0	0	61	0	0	0	0	0	0	0	0	0	0	0	0	0	0	104	0	0	0	0	0	0	0	0	0	0	0	0	0	0	0	7	0	1	0	0	0	0	0	0	0	1	4	0	12	9	0	0	0	0	0	0	0	4	4	0	0	0	0	0	0	0	0	0	0	0	0	0	0	0	0	0	0	33	0	0	0	0	20	0	0	0	0	0	0	0	0	0	0	0	0	0	0	0	0	0	0	0	0	0	0	0	0	1	0	0	0	0	6	0	0	0	4	0	0	0	0	0	113	0	0	0	3	0	0	0	0	0	0	0	0	0	0	11	0	0	0	0	0	12	0	0	0	0	0	0	0	0	0	0	0	0	0	0	0	0	1	14	0	0	0	0	0	0	0	0	0	0	0	0	0	0	0	0	0	0	0	0	0	0	0	0	0	0	1	0	0	0	0	0	1	0	0	0	0	0	0	0	0	0	0	0	0	0	0	0	0	2	0	0	0	0	0
cecal_d21_1207_4	4	849	1128	223	0	0	0	0	0	0	0	6	0	55	0	0	0	8	0	0	0	0	0	0	0	0	0	0	0	0	0	0	0	239	9	0	0	0	0	0	86	0	0	0	0	0	0	0	0	0	0	0	0	0	0	6	155	0	0	0	0	0	0	0	0	0	0	0	0	0	0	21	0	0	0	0	0	0	0	0	0	0	0	0	0	0	0	3	0	3	0	0	0	0	0	0	1	0	21	0	16	6	0	0	0	0	0	0	0	0	2	0	0	0	0	0	4	0	0	0	0	0	0	0	0	0	0	0	0	17	0	0	0	0	3	0	0	0	0	0	0	0	0	0	0	0	0	0	0	0	0	0	0	0	0	0	0	0	0	0	0	4	0	0	3	0	0	0	1	0	0	0	0	0	13	0	0	0	1	0	0	0	0	0	0	0	0	0	0	7	0	0	0	0	0	2	0	0	0	0	0	0	0	0	0	0	0	0	0	0	0	0	0	16	0	0	0	0	0	0	0	0	0	0	0	0	0	0	0	0	0	0	0	0	0	0	0	0	0	0	0	0	0	0	0	0	2	0	0	0	0	0	0	0	2	0	0	0	0	0	0	0	0	0	0	0	0	0	0
cecal_d21_1209_1	9	17	269	6	0	1	66	0	288	0	149	2	0	5	0	33	25	2	76	106	124	215	0	0	0	273	0	105	74	0	0	0	0	17	25	0	80	10	0	0	0	0	60	13	0	0	0	73	0	0	0	0	27	0	0	2	0	49	0	0	7	6	2	0	25	12	0	5	0	2	0	1	0	8	1	0	95	0	0	0	0	2	0	0	16	2	0	0	2	1	1	2	2	5	1	0	14	0	2	5	1	1	31	2	4	0	10	19	9	4	1	0	28	0	0	0	4	0	0	0	0	0	0	6	1	6	0	81	0	5	0	11	0	0	1	0	20	16	29	2	0	1	0	0	5	0	0	0	0	2	1	0	1	0	2	0	31	0	0	0	5	1	0	1	5	0	0	0	0	0	6	0	1	0	1	1	0	0	5	4	0	0	0	0	0	1	0	0	0	0	0	4	0	2	8	0	1	4	0	0	0	0	2	0	0	0	0	0	0	1	2	3	0	0	0	1	0	0	3	3	2	0	1	0	0	0	0	0	0	0	1	1	1	0	0	3	0	0	0	0	0	6	3	2	0	0	0	0	0	1	3	0	0	1	0	0	0	1	0	0	0	0	0	1	0	0	0	0	0
cecal_d21_1209_2	4	5	119	0	0	0	20	0	342	0	139	0	0	21	0	49	26	0	70	163	115	186	0	0	0	186	0	145	44	0	0	0	0	18	15	0	43	19	1	0	0	0	95	11	0	0	0	126	0	0	0	0	7	0	0	2	4	35	0	0	14	4	0	0	0	2	0	19	0	0	0	6	0	18	1	1	76	0	0	0	10	1	0	0	36	8	0	0	14	4	14	1	13	36	3	0	17	0	1	10	0	0	13	10	18	7	31	15	2	0	0	0	36	0	0	9	7	0	0	0	0	0	0	4	0	6	0	65	1	1	0	22	0	2	8	0	10	3	32	0	0	5	2	0	6	1	1	0	0	1	3	0	2	0	7	0	55	0	0	0	1	1	0	3	7	1	0	0	0	0	4	0	0	2	5	0	3	0	1	1	0	0	0	0	0	2	0	7	0	0	0	4	0	1	12	1	5	1	0	0	1	0	1	0	0	0	0	1	7	2	2	1	2	6	0	2	1	1	2	2	0	1	1	2	2	0	0	0	1	0	1	0	1	0	2	3	0	1	0	0	0	2	0	1	2	0	0	0	0	2	1	0	0	1	0	0	2	1	0	3	0	0	0	1	0	0	0	0	0
cecal_d21_1209_3	15	57	306	0	0	0	1	0	399	0	228	0	0	10	0	80	7	0	77	129	177	221	0	0	0	245	0	70	44	0	0	0	0	0	18	0	60	21	0	0	0	0	21	13	0	0	0	126	0	0	0	0	12	0	0	3	0	66	0	0	10	5	6	0	5	2	0	14	0	2	0	2	0	21	0	2	78	0	0	0	0	0	0	0	4	4	0	1	2	5	10	0	3	9	2	1	12	0	2	7	0	1	5	3	4	1	19	9	3	0	0	1	18	0	0	0	3	0	0	0	0	0	0	8	1	6	0	48	1	2	0	10	0	0	2	0	1	10	10	0	0	1	2	0	11	0	0	0	0	5	3	1	0	0	18	0	0	0	0	0	0	1	0	1	9	0	0	0	0	0	0	1	2	0	2	0	0	0	1	2	0	0	0	0	0	2	1	1	0	0	0	1	0	1	3	2	0	1	0	0	0	0	0	0	0	0	0	0	0	0	0	0	0	0	1	0	1	0	1	1	1	0	1	1	0	0	0	0	2	0	0	0	0	0	2	1	0	0	0	0	0	2	2	0	1	2	0	0	0	0	0	0	0	0	0	0	2	0	0	0	0	0	0	0	1	0	0	0	0
cecal_d21_1209_4	2	30	168	4	0	1	19	1	415	0	136	0	0	12	0	95	11	0	89	119	125	169	0	0	0	263	0	97	40	0	0	0	0	12	15	0	48	20	0	0	1	0	49	16	0	0	0	106	0	0	0	0	26	0	0	2	3	54	0	0	13	4	13	0	5	8	0	8	0	3	0	7	0	17	11	2	52	0	0	1	0	11	0	0	26	6	0	0	10	6	13	3	17	48	1	9	33	0	2	32	2	0	7	7	4	5	38	8	6	2	0	0	27	0	0	14	15	1	0	0	0	1	0	3	0	5	0	28	2	4	0	5	0	3	5	0	5	6	5	0	0	4	16	0	9	2	0	0	0	2	6	1	0	0	5	0	14	0	0	0	1	0	0	0	3	0	2	0	1	0	2	0	0	1	3	0	4	0	1	1	0	0	1	0	0	0	0	1	0	0	0	1	0	1	10	1	1	0	0	0	0	0	2	0	0	8	0	0	1	3	0	2	0	8	0	3	0	4	1	0	0	1	3	0	2	0	0	0	0	0	2	1	1	0	2	2	0	0	0	0	0	1	0	0	0	0	0	0	0	0	0	0	0	1	0	0	0	0	0	0	0	0	0	0	0	0	0	0	0
cecal_d21_1802_1	115	91	384	0	1	0	118	0	179	7	143	0	0	1	0	0	43	1	12	34	68	144	1	0	275	6	0	26	163	3	0	0	0	9	22	0	67	9	0	0	0	0	4	10	0	0	0	64	0	1	0	0	40	0	0	0	69	20	0	0	6	70	1	0	120	0	15	30	0	103	0	11	0	1	0	13	4	0	0	0	0	34	0	0	12	5	0	0	6	2	1	0	1	0	1	0	2	0	8	0	0	2	48	6	0	1	6	0	0	17	0	0	1	0	0	0	5	0	0	0	0	0	3	0	10	14	0	0	0	5	0	5	0	3	0	0	0	0	16	0	0	4	0	0	2	1	0	3	0	16	7	6	0	0	1	0	0	0	0	0	0	0	0	0	22	0	0	0	0	0	0	1	13	4	0	0	1	0	2	1	0	0	0	27	0	1	0	1	1	0	0	0	0	0	0	0	4	19	0	0	0	0	0	0	7	0	0	0	0	0	1	4	0	0	0	1	0	0	0	0	0	0	0	7	0	0	0	0	0	0	9	0	0	0	0	0	0	3	0	0	0	0	7	1	0	0	0	0	0	0	0	0	0	0	0	0	0	0	0	0	0	0	0	0	0	0	0	0	0
cecal_d21_1802_2	70	36	223	3	0	8	97	0	176	15	120	0	1	0	4	24	200	8	16	43	42	134	3	0	278	8	0	12	244	23	0	0	0	9	37	0	35	3	0	0	0	0	0	7	0	0	0	57	0	0	0	0	28	0	0	0	64	14	0	0	4	71	19	0	17	0	50	2	0	204	0	7	0	2	0	1	18	0	0	0	0	41	0	0	1	6	0	0	10	2	0	0	0	0	10	0	0	0	5	0	0	15	5	6	0	1	20	6	0	0	0	0	1	0	0	5	3	0	0	0	0	0	1	4	0	8	0	0	1	3	0	5	0	0	0	0	0	6	5	0	0	1	0	0	53	0	6	6	0	0	4	51	2	1	0	0	0	0	0	0	13	0	0	1	11	0	0	0	0	0	0	0	1	5	2	0	0	0	1	1	0	0	0	6	0	0	0	1	2	0	0	0	2	1	8	0	1	7	0	0	0	0	0	0	11	0	0	0	0	0	11	9	0	0	3	0	0	18	0	2	0	0	0	4	2	0	0	0	0	0	0	3	0	0	0	0	0	1	0	0	0	0	0	0	0	1	0	0	0	1	0	0	0	5	0	0	1	0	0	0	1	0	1	1	2	0	0	0	0
cecal_d21_1802_3	70	12	115	0	0	0	51	1	123	0	97	0	0	0	1	9	241	19	3	21	37	182	0	0	262	11	0	15	445	20	0	0	0	18	89	0	75	5	0	0	0	0	6	2	0	0	1	35	0	0	0	0	4	0	0	0	118	10	0	0	4	102	15	0	11	0	56	7	0	135	0	2	0	3	15	0	34	0	0	0	46	6	0	0	18	2	0	0	2	2	0	0	0	2	0	1	0	0	2	0	0	1	19	1	0	2	0	7	4	0	0	0	1	0	0	6	2	1	0	0	0	0	2	45	0	3	0	0	2	0	0	0	0	1	0	0	0	3	25	0	0	0	0	0	34	0	5	12	0	6	1	26	3	0	0	0	0	0	0	0	0	0	0	1	8	0	0	0	0	0	0	0	0	10	0	0	1	0	0	0	0	0	3	10	0	2	0	2	2	0	0	2	3	0	6	2	2	2	0	0	0	0	0	0	0	0	0	1	0	0	8	1	1	0	4	0	0	1	0	6	0	0	0	11	2	0	0	0	0	0	5	0	0	0	0	0	0	1	0	0	0	0	2	0	0	0	0	0	0	0	0	0	0	1	0	0	0	0	0	0	0	0	0	0	0	0	0	0	0
cecal_d21_1803_2	393	2	121	2	0	0	0	1	117	0	43	0	0	3	0	190	0	0	18	21	11	38	0	0	86	1	0	34	102	77	0	0	0	4	18	0	46	4	0	0	0	0	10	1	0	0	0	21	0	0	0	0	37	0	0	2	37	6	0	0	1	61	284	0	4	0	5	64	0	2	0	7	0	0	85	4	7	0	0	14	0	10	0	0	5	14	0	0	25	1	0	0	21	2	1	12	24	0	0	14	0	3	34	36	0	3	2	21	25	2	0	1	178	0	0	5	4	0	0	0	0	0	2	43	9	19	0	0	10	0	0	14	0	2	4	0	3	0	43	0	0	4	0	0	60	6	4	0	0	17	25	5	3	0	4	0	0	0	0	0	0	0	0	5	25	0	0	0	0	0	3	1	2	12	7	18	1	0	0	0	0	0	5	4	0	2	1	0	3	0	0	2	3	1	0	7	3	2	0	0	0	0	0	0	1	0	3	0	0	0	3	2	1	3	4	0	2	14	0	4	0	0	0	1	3	0	0	0	4	1	1	0	0	0	2	1	0	0	0	0	0	2	0	2	0	0	0	0	0	0	2	0	0	0	0	1	0	1	0	1	1	0	12	2	3	0	0	0	0
cecal_d42_1216_1	247	1259	0	629	0	1	53	0	0	0	0	390	0	0	0	0	0	0	0	0	0	0	0	0	0	0	0	0	0	0	0	0	0	0	0	0	0	0	0	0	0	0	0	0	0	0	0	0	0	0	0	0	0	0	0	0	0	0	0	0	0	0	72	0	0	36	0	0	0	0	0	0	0	0	0	0	0	0	0	0	0	0	0	0	0	0	0	0	0	0	0	0	0	0	0	0	0	0	0	0	0	0	0	193	0	0	0	0	0	0	0	0	0	0	0	0	0	0	0	0	0	0	0	0	0	0	0	0	0	25	0	0	0	0	0	0	0	0	0	0	0	0	0	6	0	0	0	0	0	0	0	0	0	0	0	0	0	0	0	3	0	0	0	0	0	0	0	0	0	0	0	0	0	0	0	0	0	0	0	0	0	0	0	0	0	0	0	0	0	0	0	0	0	0	0	0	0	0	0	0	0	0	0	0	0	0	0	0	0	0	0	0	0	0	0	0	0	0	0	0	0	0	0	0	0	0	0	0	0	0	0	0	0	0	0	0	0	0	0	0	0	0	0	0	0	0	0	0	0	0	0	0	0	0	0	0	0	0	0	0	0	0	0	0	0	0	0	0	0
cecal_d42_1216_2	119	1344	0	1017	0	0	48	0	0	0	0	222	0	0	0	0	0	0	0	0	0	0	0	0	0	0	0	0	0	0	0	0	0	0	0	0	0	0	0	0	0	0	0	0	0	0	0	0	0	0	0	0	0	0	0	0	0	0	0	0	0	0	90	0	0	32	0	0	0	0	0	0	0	0	0	0	0	0	0	0	0	0	0	0	0	0	0	0	0	0	0	0	0	0	0	0	0	0	0	0	0	0	0	0	0	0	0	0	0	0	0	0	0	0	0	0	0	0	0	0	0	0	0	0	0	0	0	0	0	34	0	0	0	0	0	0	0	0	0	0	0	0	0	0	0	0	0	0	0	0	0	0	0	0	0	0	0	0	0	1	0	0	0	0	0	0	0	0	0	0	0	0	0	0	0	0	0	0	0	0	0	0	0	0	0	0	0	0	0	0	0	0	0	0	0	0	13	0	0	0	0	0	0	0	0	0	0	0	0	0	0	0	0	0	0	0	0	0	0	0	0	0	0	0	0	0	0	0	0	0	0	0	0	0	0	0	0	0	0	0	0	0	0	0	0	0	0	0	0	0	0	0	0	0	0	0	0	0	0	0	0	0	0	0	0	0	0	0	0
cecal_d42_1216_4	55	1505	0	984	0	0	73	0	0	0	0	50	0	0	0	0	0	0	0	0	0	0	0	0	0	0	0	0	0	0	0	0	0	0	0	0	0	0	0	0	0	0	0	0	0	0	0	0	0	0	0	0	0	0	0	0	0	0	0	0	0	0	175	0	0	9	0	0	0	2	0	0	0	0	0	0	0	0	0	0	0	0	0	0	0	0	0	0	0	0	0	0	38	0	0	0	0	0	0	0	0	0	0	0	0	0	0	0	0	0	0	0	0	0	0	0	0	0	0	0	0	0	0	0	0	0	0	0	0	16	0	0	0	15	0	0	0	0	0	0	0	0	0	0	0	0	0	0	0	0	0	0	0	0	0	0	0	0	0	1	0	0	0	0	0	0	0	0	0	0	0	0	0	0	0	0	0	0	0	0	0	0	0	0	0	0	0	0	0	0	0	0	0	0	0	0	3	0	0	0	0	0	0	0	0	0	0	0	0	0	0	0	0	0	0	0	0	0	0	0	0	5	0	0	0	0	0	0	0	0	0	0	0	0	0	0	0	0	0	0	0	0	0	0	0	0	0	0	0	0	0	0	0	0	0	0	0	0	0	0	0	0	0	0	0	0	0	0	0
cecal_d42_1217_1	71	1415	3	698	0	0	102	0	3	0	3	501	0	0	0	0	0	0	1	0	1	1	0	0	0	0	0	0	0	0	0	0	0	0	1	0	0	0	0	0	0	0	0	0	0	0	0	0	0	0	0	0	0	0	0	0	0	1	0	0	0	0	0	0	1	0	0	0	0	0	0	0	0	0	0	0	0	0	0	0	0	0	0	0	0	0	0	0	0	0	0	0	0	0	0	0	0	0	0	0	0	0	0	0	0	0	0	0	0	0	0	0	0	0	0	0	0	0	0	0	0	0	0	0	0	0	0	0	0	0	0	0	0	0	0	0	0	0	0	0	0	0	0	0	0	0	0	0	0	0	1	0	117	0	0	0	0	0	0	7	0	0	0	0	0	0	0	0	0	0	0	0	0	0	0	0	0	0	0	0	0	0	0	0	0	0	0	0	0	0	0	0	0	0	0	0	0	0	0	0	0	0	0	0	0	0	0	0	0	0	0	0	0	0	0	0	0	0	0	0	0	0	0	0	0	0	0	0	0	0	0	0	0	0	0	0	0	0	0	0	0	0	0	0	0	0	0	0	0	0	0	0	0	0	0	0	0	0	0	0	0	0	0	0	0	0	0	0	0
cecal_d42_1217_2	107	1444	3	969	0	0	105	1	0	0	0	164	0	0	0	0	0	0	0	0	0	0	0	0	0	0	0	0	0	0	0	0	0	0	0	0	0	0	0	0	0	0	0	0	0	0	0	0	0	0	0	0	0	0	0	0	0	0	0	0	0	0	0	0	0	0	0	0	0	0	0	1	0	0	0	0	0	0	0	0	0	0	0	0	0	0	0	0	0	0	0	0	0	0	0	0	0	0	0	0	0	0	0	0	0	0	0	0	0	0	0	0	0	0	0	0	0	0	0	0	0	0	0	0	0	0	0	0	0	0	0	0	0	0	0	0	0	0	0	0	0	0	0	0	0	0	0	0	0	0	0	0	131	0	0	0	0	0	0	1	0	0	0	0	0	0	0	0	0	0	0	0	0	0	0	0	0	0	0	0	0	0	0	0	0	0	0	0	0	0	0	0	0	0	0	0	0	0	0	0	0	0	0	0	0	0	0	0	0	0	0	0	0	0	0	0	0	0	0	0	0	0	0	0	0	0	0	0	0	0	0	0	0	0	0	0	0	0	0	0	0	0	0	0	0	0	0	0	0	0	0	0	0	0	0	0	0	0	0	0	0	0	0	0	0	0	0	0	0
cecal_d42_1217_3	126	1467	3	890	1	0	106	0	0	0	0	238	0	0	0	0	0	0	0	0	0	0	0	0	0	0	0	0	0	0	0	0	0	0	0	0	0	0	0	0	1	0	0	0	0	0	0	0	0	0	0	0	0	0	0	0	0	0	0	0	0	0	0	0	0	0	0	0	0	0	0	0	0	0	0	0	0	0	0	0	0	0	0	0	0	0	0	0	0	0	0	0	0	0	0	0	0	0	0	0	0	0	0	0	0	0	0	0	0	0	0	0	0	0	0	0	0	0	0	0	0	0	0	0	0	0	0	0	0	0	0	0	0	0	0	0	0	0	0	0	0	0	0	0	0	0	0	0	0	0	0	0	92	0	0	0	0	0	0	3	0	0	0	0	0	0	0	0	0	0	0	0	0	0	0	0	0	0	0	0	0	0	0	0	0	0	0	0	0	0	0	0	0	0	0	0	0	0	0	0	0	0	0	0	0	0	0	0	0	0	0	0	0	0	0	0	0	0	0	0	0	0	0	0	0	0	0	0	0	0	0	0	0	0	0	0	0	0	0	0	0	0	0	0	0	0	0	0	0	0	0	0	0	0	0	0	0	0	0	0	0	0	0	0	0	0	0	0	0
cecal_d42_1223_3	9	560	677	71	0	445	125	449	0	115	0	0	36	0	0	0	0	1	0	0	0	0	0	0	0	0	1	0	0	0	0	0	0	0	0	0	0	0	0	53	45	0	0	0	13	0	0	0	1	0	2	0	0	0	0	0	0	0	0	20	0	0	71	0	0	0	0	0	26	0	0	3	2	0	0	0	0	1	4	0	0	0	15	7	0	0	0	0	0	0	0	0	0	24	13	0	0	3	0	0	0	0	0	0	0	0	0	0	0	0	0	6	0	26	0	0	0	0	0	7	7	0	0	0	0	0	6	0	0	0	1	0	1	0	0	0	0	0	0	0	3	0	0	0	0	0	0	0	0	0	0	7	0	0	0	1	0	1	0	0	0	0	0	0	7	0	0	0	0	0	0	0	0	0	0	0	0	0	0	0	2	0	0	0	20	0	0	0	0	0	0	0	0	0	0	0	0	0	0	5	0	0	0	0	0	0	0	0	0	0	0	0	0	0	0	0	0	0	0	0	0	0	0	0	0	2	1	0	0	0	0	0	0	1	0	0	0	0	4	0	0	0	0	0	0	1	0	0	1	0	0	1	1	0	0	0	0	0	0	0	0	0	0	0	0	2	0	0	0
cecal_d42_1223_4	11	495	624	75	0	305	16	661	0	81	0	0	50	0	0	0	0	2	0	0	0	0	0	0	0	0	0	0	0	0	0	0	0	0	0	0	0	0	0	62	96	2	0	0	22	0	0	0	0	0	0	0	0	0	0	0	0	1	0	0	0	0	58	0	0	1	0	0	3	0	0	7	9	0	0	0	0	0	0	0	0	0	34	5	0	0	1	0	0	0	0	0	0	72	20	0	0	1	0	0	0	0	0	0	0	0	0	0	0	0	0	7	0	23	0	0	0	0	0	11	14	0	0	0	0	0	12	0	0	0	2	0	0	0	0	0	0	1	0	0	12	0	0	0	0	0	0	0	0	0	2	6	0	0	0	2	0	0	0	0	0	0	0	0	9	0	0	0	1	0	0	0	0	0	0	0	0	0	0	0	1	0	0	0	10	0	0	0	0	0	0	0	0	0	0	0	0	0	0	8	0	0	0	0	1	0	0	0	0	0	0	0	0	0	0	0	0	0	0	0	0	0	0	0	0	1	0	0	0	0	0	0	0	0	0	0	0	0	0	0	0	0	0	0	0	2	0	0	1	0	0	0	1	0	0	0	0	0	0	0	0	0	0	0	0	3	0	0	0
cecal_d42_1223_5	11	395	608	85	0	619	24	512	0	101	0	0	40	0	0	0	0	0	0	0	0	0	0	0	0	0	0	0	0	0	0	0	0	0	0	0	0	0	0	33	59	2	0	0	14	0	0	0	4	0	0	0	0	0	0	0	0	0	0	12	0	0	74	0	0	1	0	0	22	0	0	1	7	0	0	0	0	1	2	0	0	0	43	12	0	0	1	0	0	0	0	0	0	56	18	0	0	4	0	0	0	0	0	0	0	0	0	0	0	0	0	17	0	16	0	0	0	0	0	18	6	0	0	0	0	0	12	0	0	0	0	0	6	0	0	0	0	0	0	0	2	0	0	0	0	0	0	0	0	0	0	3	0	0	0	6	0	0	0	0	0	0	0	0	7	0	0	0	0	0	0	0	0	0	0	0	0	0	0	0	2	0	0	0	8	0	0	0	0	0	0	0	0	0	0	0	0	0	2	9	0	0	0	1	0	0	0	0	0	0	0	0	0	0	0	0	0	0	0	0	0	0	0	0	0	2	1	2	0	0	0	0	0	2	0	0	0	0	1	1	0	0	0	0	0	1	0	0	1	0	0	1	4	0	0	0	0	0	0	0	0	0	0	0	0	1	0	0	0
cecal_d42_1225_1	19	755	631	0	0	77	41	905	0	94	0	0	40	0	0	0	0	0	0	0	0	0	4	0	0	0	0	0	0	0	0	0	0	0	0	0	0	0	0	28	69	2	0	0	31	0	0	0	0	0	0	0	0	0	0	0	0	0	0	6	0	0	0	0	0	1	0	0	0	23	0	3	0	0	0	0	0	0	0	36	0	0	1	1	0	0	1	0	0	0	0	0	0	0	9	0	0	4	0	0	0	0	0	0	0	2	0	0	0	0	0	2	0	0	0	0	0	0	0	17	18	0	0	0	0	0	10	0	10	5	1	0	3	0	0	0	0	0	0	0	1	0	0	0	0	0	0	0	0	0	0	0	0	0	0	0	0	1	0	0	11	0	0	2	0	0	0	0	0	19	0	0	0	0	0	0	0	0	0	0	3	0	0	0	4	0	0	0	0	0	0	0	0	0	0	11	0	0	1	1	0	0	0	0	0	0	0	0	0	0	0	0	0	0	0	0	0	0	0	0	0	0	0	0	0	0	1	0	0	0	0	0	0	0	0	0	0	0	0	0	0	0	0	0	0	1	0	0	0	0	0	0	1	0	1	0	0	0	0	0	0	0	0	0	0	0	0	0	0
cecal_d42_1225_2	14	754	715	10	0	137	48	697	0	108	0	0	17	0	0	0	0	0	0	0	0	0	4	0	0	0	1	0	0	0	0	0	0	0	0	0	0	0	0	46	25	7	0	0	24	0	0	0	0	0	0	0	0	0	0	0	0	0	0	15	0	0	0	0	0	0	0	0	0	40	0	1	0	0	0	0	0	0	0	67	0	0	11	1	0	0	2	0	0	0	1	0	0	0	9	0	0	1	0	0	0	0	0	0	0	10	0	0	0	0	0	5	0	0	0	0	0	0	0	16	7	0	0	0	0	0	5	0	8	5	2	0	10	0	0	0	0	0	0	0	1	0	0	0	0	0	0	0	0	0	0	0	0	0	0	2	0	0	0	0	17	0	0	3	0	0	0	0	0	14	0	0	0	0	0	0	0	0	0	0	1	0	0	0	18	0	0	0	0	0	0	0	0	0	0	21	0	0	2	4	0	0	0	0	0	0	0	0	0	0	0	0	0	0	0	0	0	0	0	0	0	0	0	0	0	4	2	0	0	0	0	0	0	1	0	0	0	0	0	0	0	0	0	0	1	0	0	0	0	0	0	0	1	0	0	0	0	0	0	0	0	0	0	0	0	0	0	1	0
cecal_d42_1225_3	16	421	860	21	0	37	28	741	0	124	0	0	134	0	0	0	0	0	0	0	0	0	1	0	0	0	1	0	0	0	0	0	0	0	0	0	0	0	0	42	175	1	0	0	27	0	0	0	0	0	0	0	0	0	0	0	0	0	0	27	0	0	0	0	0	0	0	0	0	23	0	4	0	0	0	0	0	0	1	44	0	0	2	0	0	0	1	0	0	0	0	0	0	0	9	0	0	2	0	0	0	0	0	0	0	8	0	0	0	0	0	1	0	0	0	0	0	0	0	14	13	0	0	0	0	0	19	0	11	0	2	0	9	0	0	0	0	0	0	0	7	0	0	0	0	0	0	0	0	0	0	0	0	0	0	1	0	1	1	0	0	0	0	2	2	0	0	0	2	9	0	0	0	0	0	0	0	0	0	0	2	0	0	0	12	0	0	0	0	0	0	0	0	0	0	16	0	0	0	0	0	0	0	3	0	0	0	0	0	0	0	0	0	0	0	0	0	0	0	0	0	0	0	0	0	2	0	0	0	0	0	0	0	0	0	0	1	0	1	0	0	0	0	0	0	0	0	0	0	0	0	0	0	0	2	0	0	0	0	0	0	0	0	0	0	0	0	3	0
cecal_d42_1225_4	4	717	764	2	0	156	34	701	0	112	0	0	46	0	0	0	0	0	0	0	0	0	1	0	0	0	2	0	0	0	0	0	0	0	0	0	0	0	0	37	53	1	0	0	20	0	0	0	2	0	0	0	0	0	0	0	0	0	0	13	0	0	0	0	0	0	0	0	0	17	0	1	0	0	0	0	0	0	0	49	2	0	6	3	0	0	1	0	0	0	0	0	0	0	14	0	0	2	0	0	0	0	0	0	0	3	0	0	0	0	0	0	0	0	0	0	0	0	0	13	16	0	0	0	0	0	13	0	27	3	3	0	6	0	0	0	0	0	0	0	4	0	0	0	0	0	0	0	0	0	0	0	0	0	0	3	0	0	4	0	8	0	0	7	0	0	0	0	0	20	0	0	0	0	0	0	0	0	0	0	0	0	0	0	4	0	0	0	0	0	0	0	0	0	0	9	0	0	0	3	0	0	0	1	0	0	0	0	0	0	0	0	0	0	0	0	0	0	0	0	0	0	0	0	0	3	0	0	0	0	0	0	0	0	0	0	0	0	0	0	0	0	0	0	0	0	0	0	0	0	0	0	3	0	0	0	0	0	0	0	0	0	0	0	0	0	0	2	0
cecal_d42_1225_5	12	571	810	10	0	130	23	658	0	118	0	0	98	0	0	0	0	0	0	0	0	0	0	0	0	0	2	0	0	0	0	0	0	0	0	0	0	0	0	35	104	5	0	0	29	0	0	0	0	0	0	0	0	0	0	0	4	0	0	22	0	0	1	0	0	0	0	0	0	33	0	2	0	0	0	0	0	0	0	35	0	0	3	0	0	0	1	0	0	0	0	0	0	0	9	0	0	3	0	0	0	0	0	0	0	13	0	0	0	0	0	4	0	0	0	0	0	0	0	14	5	0	0	0	0	0	14	0	15	4	2	0	6	1	0	0	0	0	0	0	3	0	0	0	0	0	0	0	0	0	0	0	0	0	0	7	0	0	2	0	17	0	0	3	0	0	0	0	0	14	0	0	0	0	0	0	0	0	0	0	0	0	0	0	7	0	0	0	0	0	0	0	0	0	0	14	0	0	0	5	0	0	0	0	0	0	0	0	0	0	0	0	0	0	0	0	0	0	0	0	0	0	0	0	0	5	2	0	0	0	0	1	0	1	0	0	0	0	0	0	0	0	0	0	0	0	0	0	0	0	0	2	0	0	4	0	0	0	0	0	0	0	0	0	0	0	0	0	0
